{
  "type": "FeatureCollection",
  "name": "Each_Street",
  "features": [
    {
      "type": "Feature",
      "properties": {
        "street_id": 0,
        "segment_count": 11,
        "valid_slope_segment_count": 11,
        "mean_abs_slope_pct": 3.15,
        "max_segment_slope_pct": 4.89,
        "slope_variation_range_pct": 3.96,
        "longest_continuous_steep_uphill_ft": 0.0,
        "continuous_steep_uphill_ratio_pct": 0.0,
        "landing_like_coverage_ratio_pct": 27.27,
        "mean_landing_distance_ft": 16.48,
        "max_landing_distance_ft": 50.0,
        "unreachable_segment_count": 0
      },
      "geometry": {
        "type": "LineString",
        "coordinates": [
          [
            -73.96347672128347,
            40.810373202340195
          ],
          [
            -73.96344172536477,
            40.81042122712749
          ],
          [
            -73.96340672939559,
            40.810469251903804
          ],
          [
            -73.9633717333759,
            40.810517276669124
          ],
          [
            -73.96333673730571,
            40.810565301423466
          ],
          [
            -73.963301741185,
            40.81061332616675
          ],
          [
            -73.9632667450138,
            40.81066135089909
          ],
          [
            -73.9632317487921,
            40.81070937562042
          ],
          [
            -73.96319675251986,
            40.81075740033072
          ],
          [
            -73.96316175619714,
            40.81080542503007
          ],
          [
            -73.96312675982392,
            40.81085344971844
          ],
          [
            -73.9630917634002,
            40.81090147439576
          ]
        ]
      }
    },
    {
      "type": "Feature",
      "properties": {
        "street_id": 1,
        "segment_count": 31,
        "valid_slope_segment_count": 31,
        "mean_abs_slope_pct": 3.07,
        "max_segment_slope_pct": 7.15,
        "slope_variation_range_pct": 6.73,
        "longest_continuous_steep_uphill_ft": 0.0,
        "continuous_steep_uphill_ratio_pct": 0.0,
        "landing_like_coverage_ratio_pct": 29.03,
        "mean_landing_distance_ft": 26.45,
        "max_landing_distance_ft": 150.0,
        "unreachable_segment_count": 0
      },
      "geometry": {
        "type": "LineString",
        "coordinates": [
          [
            -73.96455924259189,
            40.80888142127809
          ],
          [
            -73.96452435973461,
            40.80892949321152
          ],
          [
            -73.96448947682694,
            40.80897756513408
          ],
          [
            -73.9644545938689,
            40.80902563704566
          ],
          [
            -73.96441971086045,
            40.8090737089463
          ],
          [
            -73.96438482780162,
            40.80912178083606
          ],
          [
            -73.9643499446924,
            40.80916985271488
          ],
          [
            -73.9643150615328,
            40.80921792458276
          ],
          [
            -73.9642801783228,
            40.809265996439706
          ],
          [
            -73.96424529506241,
            40.809314068285694
          ],
          [
            -73.96421041175162,
            40.809362140120804
          ],
          [
            -73.96417552839046,
            40.80941021194499
          ],
          [
            -73.9641406449789,
            40.80945828375823
          ],
          [
            -73.96410576151695,
            40.809506355560515
          ],
          [
            -73.9640708780046,
            40.809554427351905
          ],
          [
            -73.96403599444189,
            40.80960249913235
          ],
          [
            -73.96400111082878,
            40.8096505709019
          ],
          [
            -73.96396622716526,
            40.809698642660486
          ],
          [
            -73.96393134345136,
            40.809746714408156
          ],
          [
            -73.96389645968706,
            40.809794786144884
          ],
          [
            -73.96386157587239,
            40.80984285787068
          ],
          [
            -73.9638266920073,
            40.809890929585606
          ],
          [
            -73.96379180809186,
            40.809939001289536
          ],
          [
            -73.96375692412599,
            40.809987072982544
          ],
          [
            -73.96372204010974,
            40.81003514466465
          ],
          [
            -73.96368715604311,
            40.81008321633581
          ],
          [
            -73.96365227192608,
            40.810131287996064
          ],
          [
            -73.96361738775866,
            40.810179359645375
          ],
          [
            -73.96358250354086,
            40.81022743128376
          ],
          [
            -73.96354761927266,
            40.81027550291121
          ],
          [
            -73.96351273495407,
            40.810323574527715
          ],
          [
            -73.96347785058506,
            40.81037164613334
          ]
        ]
      }
    },
    {
      "type": "Feature",
      "properties": {
        "street_id": 2,
        "segment_count": 26,
        "valid_slope_segment_count": 26,
        "mean_abs_slope_pct": 7.13,
        "max_segment_slope_pct": 15.03,
        "slope_variation_range_pct": 14.89,
        "longest_continuous_steep_uphill_ft": 240.0,
        "continuous_steep_uphill_ratio_pct": 46.15,
        "landing_like_coverage_ratio_pct": 11.54,
        "mean_landing_distance_ft": 75.0,
        "max_landing_distance_ft": 250.0,
        "unreachable_segment_count": 0
      },
      "geometry": {
        "type": "LineString",
        "coordinates": [
          [
            -73.95935674730883,
            40.806120869798804
          ],
          [
            -73.95942023624252,
            40.80614706370943
          ],
          [
            -73.95948372522618,
            40.80617325758494
          ],
          [
            -73.9595472142598,
            40.80619945142542
          ],
          [
            -73.95961070334337,
            40.80622564523079
          ],
          [
            -73.95967419247695,
            40.80625183900113
          ],
          [
            -73.95973768166049,
            40.80627803273634
          ],
          [
            -73.95980117089398,
            40.80630422643652
          ],
          [
            -73.95986466017746,
            40.80633042010159
          ],
          [
            -73.9599281495109,
            40.806356613731616
          ],
          [
            -73.95999163889432,
            40.80638280732654
          ],
          [
            -73.96005512832771,
            40.806409000886426
          ],
          [
            -73.96011861781106,
            40.80643519441119
          ],
          [
            -73.96018210734441,
            40.80646138790092
          ],
          [
            -73.96024559692768,
            40.80648758135552
          ],
          [
            -73.96030908656095,
            40.80651377477511
          ],
          [
            -73.96037257624418,
            40.806539968159576
          ],
          [
            -73.96043606597739,
            40.80656616150898
          ],
          [
            -73.96049955576056,
            40.80659235482333
          ],
          [
            -73.9605630455937,
            40.806618548102584
          ],
          [
            -73.96062653547682,
            40.80664474134676
          ],
          [
            -73.9606900254099,
            40.80667093455585
          ],
          [
            -73.96075351539298,
            40.806697127729876
          ],
          [
            -73.960817005426,
            40.80672332086883
          ],
          [
            -73.96088049550899,
            40.80674951397268
          ],
          [
            -73.96094398564196,
            40.80677570704152
          ],
          [
            -73.96100747582489,
            40.80680190007523
          ]
        ]
      }
    },
    {
      "type": "Feature",
      "properties": {
        "street_id": 3,
        "segment_count": 9,
        "valid_slope_segment_count": 9,
        "mean_abs_slope_pct": 3.73,
        "max_segment_slope_pct": 4.67,
        "slope_variation_range_pct": 2.58,
        "longest_continuous_steep_uphill_ft": 0.0,
        "continuous_steep_uphill_ratio_pct": 0.0,
        "landing_like_coverage_ratio_pct": 0.0,
        "mean_landing_distance_ft": 252.61,
        "max_landing_distance_ft": 332.61,
        "unreachable_segment_count": 0
      },
      "geometry": {
        "type": "LineString",
        "coordinates": [
          [
            -73.9648831861612,
            40.808444796018996
          ],
          [
            -73.9648477078184,
            40.80849261560069
          ],
          [
            -73.96481222942462,
            40.80854043517106
          ],
          [
            -73.96477675097987,
            40.80858825473015
          ],
          [
            -73.96474127248413,
            40.808636074277985
          ],
          [
            -73.96470579393743,
            40.80868389381451
          ],
          [
            -73.96467031533972,
            40.80873171333973
          ],
          [
            -73.96463483669106,
            40.80877953285369
          ],
          [
            -73.96459935799139,
            40.80882735235636
          ],
          [
            -73.96456387924074,
            40.808875171847774
          ]
        ]
      }
    },
    {
      "type": "Feature",
      "properties": {
        "street_id": 4,
        "segment_count": 6,
        "valid_slope_segment_count": 6,
        "mean_abs_slope_pct": 1.46,
        "max_segment_slope_pct": 2.37,
        "slope_variation_range_pct": 1.79,
        "longest_continuous_steep_uphill_ft": 0.0,
        "continuous_steep_uphill_ratio_pct": 0.0,
        "landing_like_coverage_ratio_pct": 66.67,
        "mean_landing_distance_ft": 3.33,
        "max_landing_distance_ft": 10.0,
        "unreachable_segment_count": 0
      },
      "geometry": {
        "type": "LineString",
        "coordinates": [
          [
            -73.95450510691784,
            40.810696382763595
          ],
          [
            -73.95446993297058,
            40.8107443324789
          ],
          [
            -73.95443475897268,
            40.810792282183066
          ],
          [
            -73.95439958492406,
            40.81084023187614
          ],
          [
            -73.95436441082475,
            40.81088818155812
          ],
          [
            -73.95432923667478,
            40.810936131229
          ],
          [
            -73.95429406247412,
            40.81098408088878
          ]
        ]
      }
    },
    {
      "type": "Feature",
      "properties": {
        "street_id": 5,
        "segment_count": 29,
        "valid_slope_segment_count": 29,
        "mean_abs_slope_pct": 15.62,
        "max_segment_slope_pct": 38.05,
        "slope_variation_range_pct": 38.01,
        "longest_continuous_steep_uphill_ft": 260.0,
        "continuous_steep_uphill_ratio_pct": 44.83,
        "landing_like_coverage_ratio_pct": 17.24,
        "mean_landing_distance_ft": 92.41,
        "max_landing_distance_ft": 310.0,
        "unreachable_segment_count": 0
      },
      "geometry": {
        "type": "LineString",
        "coordinates": [
          [
            -73.96713794758016,
            40.80684348041146
          ],
          [
            -73.96707462587895,
            40.806817052899135
          ],
          [
            -73.96701130422805,
            40.8067906253519
          ],
          [
            -73.96694798262745,
            40.80676419776976
          ],
          [
            -73.9668846610771,
            40.80673777015274
          ],
          [
            -73.96682133957702,
            40.80671134250084
          ],
          [
            -73.96675801812727,
            40.806684914814014
          ],
          [
            -73.96669469672777,
            40.80665848709229
          ],
          [
            -73.96663137537855,
            40.8066320593357
          ],
          [
            -73.96656805407966,
            40.806605631544265
          ],
          [
            -73.966504732831,
            40.80657920371785
          ],
          [
            -73.96644141163264,
            40.80655277585659
          ],
          [
            -73.96637809048458,
            40.80652634796042
          ],
          [
            -73.9663147693868,
            40.80649992002935
          ],
          [
            -73.96625144833928,
            40.806473492063404
          ],
          [
            -73.9661881273421,
            40.80644706406255
          ],
          [
            -73.96612480639513,
            40.80642063602684
          ],
          [
            -73.96606148549849,
            40.80639420795622
          ],
          [
            -73.9659981646521,
            40.80636777985069
          ],
          [
            -73.96593484385602,
            40.806341351710266
          ],
          [
            -73.96587152311022,
            40.806314923534956
          ],
          [
            -73.9658082024147,
            40.80628849532479
          ],
          [
            -73.96574488176948,
            40.806262067079686
          ],
          [
            -73.96568156117452,
            40.80623563879969
          ],
          [
            -73.96561824062985,
            40.80620921048486
          ],
          [
            -73.96555492013547,
            40.80618278213508
          ],
          [
            -73.96549159969138,
            40.80615635375043
          ],
          [
            -73.96542827929756,
            40.80612992533088
          ],
          [
            -73.96536495895403,
            40.80610349687645
          ],
          [
            -73.96530163866079,
            40.80607706838709
          ]
        ]
      }
    },
    {
      "type": "Feature",
      "properties": {
        "street_id": 6,
        "segment_count": 44,
        "valid_slope_segment_count": 44,
        "mean_abs_slope_pct": 2.19,
        "max_segment_slope_pct": 5.46,
        "slope_variation_range_pct": 5.33,
        "longest_continuous_steep_uphill_ft": 0.0,
        "continuous_steep_uphill_ratio_pct": 0.0,
        "landing_like_coverage_ratio_pct": 47.73,
        "mean_landing_distance_ft": 8.86,
        "max_landing_distance_ft": 50.0,
        "unreachable_segment_count": 0
      },
      "geometry": {
        "type": "LineString",
        "coordinates": [
          [
            -73.96530049750089,
            40.80607659209171
          ],
          [
            -73.96523732480296,
            40.80604996048378
          ],
          [
            -73.96517415215556,
            40.80602332884114
          ],
          [
            -73.96511097955872,
            40.80599669716373
          ],
          [
            -73.96504780701243,
            40.80597006545164
          ],
          [
            -73.9649846345167,
            40.805943433704805
          ],
          [
            -73.9649214620715,
            40.80591680192323
          ],
          [
            -73.96485828967688,
            40.80589017010692
          ],
          [
            -73.96479511733278,
            40.80586353825588
          ],
          [
            -73.96473194503928,
            40.80583690637014
          ],
          [
            -73.96466877279629,
            40.80581027444961
          ],
          [
            -73.96460560060386,
            40.80578364249439
          ],
          [
            -73.964542428462,
            40.805757010504436
          ],
          [
            -73.96447925637068,
            40.805730378479716
          ],
          [
            -73.96441608432991,
            40.80570374642029
          ],
          [
            -73.96435291233969,
            40.80567711432615
          ],
          [
            -73.96428974040003,
            40.80565048219725
          ],
          [
            -73.96422656851092,
            40.805623850033626
          ],
          [
            -73.96416339667238,
            40.80559721783528
          ],
          [
            -73.96410022488438,
            40.80557058560224
          ],
          [
            -73.96403705314691,
            40.80554395333442
          ],
          [
            -73.96397388146002,
            40.80551732103187
          ],
          [
            -73.96391070982367,
            40.80549068869461
          ],
          [
            -73.96384753823787,
            40.80546405632262
          ],
          [
            -73.96378436670261,
            40.80543742391587
          ],
          [
            -73.96372119521793,
            40.805410791474436
          ],
          [
            -73.96365802378378,
            40.80538415899824
          ],
          [
            -73.96359485240019,
            40.80535752648733
          ],
          [
            -73.96353168106717,
            40.80533089394165
          ],
          [
            -73.96346850978468,
            40.80530426136127
          ],
          [
            -73.96340533855275,
            40.805277628746175
          ],
          [
            -73.96334216737138,
            40.80525099609634
          ],
          [
            -73.96327899624055,
            40.80522436341178
          ],
          [
            -73.96321582516028,
            40.80519773069246
          ],
          [
            -73.96315265413055,
            40.80517109793845
          ],
          [
            -73.96308948315139,
            40.80514446514971
          ],
          [
            -73.96302631222277,
            40.805117832326225
          ],
          [
            -73.96296314134469,
            40.805091199467974
          ],
          [
            -73.96289997051719,
            40.805064566575034
          ],
          [
            -73.96283679974023,
            40.80503793364738
          ],
          [
            -73.96277362901382,
            40.805011300684946
          ],
          [
            -73.96271045833798,
            40.804984667687805
          ],
          [
            -73.96264728771266,
            40.804958034655954
          ],
          [
            -73.96258411713791,
            40.80493140158935
          ],
          [
            -73.96252094661371,
            40.80490476848802
          ]
        ]
      }
    },
    {
      "type": "Feature",
      "properties": {
        "street_id": 7,
        "segment_count": 34,
        "valid_slope_segment_count": 34,
        "mean_abs_slope_pct": 8.67,
        "max_segment_slope_pct": 15.48,
        "slope_variation_range_pct": 15.16,
        "longest_continuous_steep_uphill_ft": 220.0,
        "continuous_steep_uphill_ratio_pct": 32.35,
        "landing_like_coverage_ratio_pct": 2.94,
        "mean_landing_distance_ft": 127.35,
        "max_landing_distance_ft": 330.0,
        "unreachable_segment_count": 0
      },
      "geometry": {
        "type": "LineString",
        "coordinates": [
          [
            -73.96247493558829,
            40.804885369907055
          ],
          [
            -73.96241151342572,
            40.80485908443949
          ],
          [
            -73.96234809131326,
            40.804832798936964
          ],
          [
            -73.96228466925086,
            40.80480651339941
          ],
          [
            -73.96222124723856,
            40.80478022782688
          ],
          [
            -73.96215782527635,
            40.804753942219314
          ],
          [
            -73.96209440336423,
            40.8047276565768
          ],
          [
            -73.9620309815022,
            40.804701370899245
          ],
          [
            -73.96196755969027,
            40.80467508518669
          ],
          [
            -73.96190413792843,
            40.804648799439136
          ],
          [
            -73.96184071621667,
            40.80462251365656
          ],
          [
            -73.96177729455502,
            40.804596227839
          ],
          [
            -73.96171387294346,
            40.80456994198644
          ],
          [
            -73.96165045138196,
            40.804543656098865
          ],
          [
            -73.96158702987059,
            40.80451737017631
          ],
          [
            -73.96152360840927,
            40.804491084218746
          ],
          [
            -73.96146018699808,
            40.804464798226164
          ],
          [
            -73.96139676563696,
            40.8044385121986
          ],
          [
            -73.96133334432594,
            40.80441222613602
          ],
          [
            -73.96126992306502,
            40.804385940038436
          ],
          [
            -73.96120650185419,
            40.804359653905856
          ],
          [
            -73.96114308069343,
            40.80433336773829
          ],
          [
            -73.96107965958277,
            40.80430708153568
          ],
          [
            -73.9610162385222,
            40.80428079529812
          ],
          [
            -73.96095281751174,
            40.804254509025526
          ],
          [
            -73.96088939655135,
            40.80422822271797
          ],
          [
            -73.96082597564106,
            40.80420193637537
          ],
          [
            -73.96076255478086,
            40.804175649997795
          ],
          [
            -73.96069913397076,
            40.80414936358516
          ],
          [
            -73.96063571321072,
            40.804123077137575
          ],
          [
            -73.9605722925008,
            40.804096790654995
          ],
          [
            -73.96050887184099,
            40.80407050413739
          ],
          [
            -73.96044545123122,
            40.8040442175848
          ],
          [
            -73.96038203067158,
            40.804017930997205
          ],
          [
            -73.96031861016203,
            40.803991644374584
          ]
        ]
      }
    },
    {
      "type": "Feature",
      "properties": {
        "street_id": 8,
        "segment_count": 8,
        "valid_slope_segment_count": 8,
        "mean_abs_slope_pct": 25.08,
        "max_segment_slope_pct": 32.49,
        "slope_variation_range_pct": 22.4,
        "longest_continuous_steep_uphill_ft": 160.0,
        "continuous_steep_uphill_ratio_pct": 100.0,
        "landing_like_coverage_ratio_pct": 0.0,
        "mean_landing_distance_ft": 422.61,
        "max_landing_distance_ft": 492.61,
        "unreachable_segment_count": 0
      },
      "geometry": {
        "type": "LineString",
        "coordinates": [
          [
            -73.9648831861612,
            40.808444796018996
          ],
          [
            -73.96494589428781,
            40.8084720571693
          ],
          [
            -73.9650086024658,
            40.80849931828535
          ],
          [
            -73.96507131069517,
            40.808526579367204
          ],
          [
            -73.96513401897586,
            40.80855384041482
          ],
          [
            -73.96519672730797,
            40.8085811014282
          ],
          [
            -73.96525943569142,
            40.80860836240738
          ],
          [
            -73.96532214412625,
            40.80863562335227
          ],
          [
            -73.96538485261246,
            40.80866288426299
          ]
        ]
      }
    },
    {
      "type": "Feature",
      "properties": {
        "street_id": 9,
        "segment_count": 37,
        "valid_slope_segment_count": 37,
        "mean_abs_slope_pct": 3.53,
        "max_segment_slope_pct": 12.77,
        "slope_variation_range_pct": 12.72,
        "longest_continuous_steep_uphill_ft": 20.0,
        "continuous_steep_uphill_ratio_pct": 2.7,
        "landing_like_coverage_ratio_pct": 37.84,
        "mean_landing_distance_ft": 38.11,
        "max_landing_distance_ft": 210.0,
        "unreachable_segment_count": 0
      },
      "geometry": {
        "type": "LineString",
        "coordinates": [
          [
            -73.96810113268245,
            40.80572793494239
          ],
          [
            -73.96807426310166,
            40.80577889134185
          ],
          [
            -73.96804739392887,
            40.8058298478714
          ],
          [
            -73.96802052471493,
            40.80588080439428
          ],
          [
            -73.96799365545986,
            40.805931760910454
          ],
          [
            -73.96796683662255,
            40.80598273276531
          ],
          [
            -73.96794040932538,
            40.806033822564764
          ],
          [
            -73.96791398198764,
            40.80608491235775
          ],
          [
            -73.96788755460933,
            40.80613600214425
          ],
          [
            -73.96786112719046,
            40.80618709192429
          ],
          [
            -73.96783469973104,
            40.80623818169782
          ],
          [
            -73.96780827223101,
            40.806289271464905
          ],
          [
            -73.96778184469042,
            40.80634036122551
          ],
          [
            -73.96775456004261,
            40.80639119019376
          ],
          [
            -73.96772543550765,
            40.80644142625698
          ],
          [
            -73.96769631092873,
            40.806491662312446
          ],
          [
            -73.96766718630586,
            40.80654189836011
          ],
          [
            -73.967638061639,
            40.806592134400056
          ],
          [
            -73.96760893692819,
            40.80664237043221
          ],
          [
            -73.96757981217341,
            40.80669260645663
          ],
          [
            -73.9675506873747,
            40.80674284247327
          ],
          [
            -73.96752156253199,
            40.80679307848214
          ],
          [
            -73.96749195532978,
            40.806843151436794
          ],
          [
            -73.96746147875068,
            40.806892922342676
          ],
          [
            -73.967431002126,
            40.806942693240096
          ],
          [
            -73.96740052309778,
            40.806992463295366
          ],
          [
            -73.96736912993705,
            40.80704190421388
          ],
          [
            -73.96733773672972,
            40.80709134512347
          ],
          [
            -73.96730634347574,
            40.807140786024085
          ],
          [
            -73.96727495017512,
            40.807190226915786
          ],
          [
            -73.96724355682784,
            40.80723966779852
          ],
          [
            -73.96721216343396,
            40.807289108672315
          ],
          [
            -73.96718076999339,
            40.80733854953719
          ],
          [
            -73.96714937650623,
            40.8073879903931
          ],
          [
            -73.96711798297241,
            40.80743743124009
          ],
          [
            -73.96708658939194,
            40.807486872078144
          ],
          [
            -73.96705519576487,
            40.80753631290726
          ],
          [
            -73.96702380209112,
            40.80758575372738
          ]
        ]
      }
    },
    {
      "type": "Feature",
      "properties": {
        "street_id": 10,
        "segment_count": 17,
        "valid_slope_segment_count": 17,
        "mean_abs_slope_pct": 2.78,
        "max_segment_slope_pct": 7.15,
        "slope_variation_range_pct": 6.9,
        "longest_continuous_steep_uphill_ft": 0.0,
        "continuous_steep_uphill_ratio_pct": 0.0,
        "landing_like_coverage_ratio_pct": 35.29,
        "mean_landing_distance_ft": 20.59,
        "max_landing_distance_ft": 70.0,
        "unreachable_segment_count": 0
      },
      "geometry": {
        "type": "LineString",
        "coordinates": [
          [
            -73.96856640201527,
            40.80484214884131
          ],
          [
            -73.96853859967452,
            40.804892815396265
          ],
          [
            -73.96851189271392,
            40.80494382103778
          ],
          [
            -73.96848518571241,
            40.80499482667273
          ],
          [
            -73.96845847866994,
            40.805045832301026
          ],
          [
            -73.96843177158655,
            40.805096837922754
          ],
          [
            -73.96840506446226,
            40.80514784353786
          ],
          [
            -73.968378357297,
            40.80519884914638
          ],
          [
            -73.96835165009084,
            40.80524985474827
          ],
          [
            -73.96832494284372,
            40.80530086034356
          ],
          [
            -73.9682982355557,
            40.805351865932266
          ],
          [
            -73.96827152822671,
            40.80540287151433
          ],
          [
            -73.96824482085681,
            40.80545387708983
          ],
          [
            -73.96821811344597,
            40.80550488265871
          ],
          [
            -73.9681914059942,
            40.80555588822099
          ],
          [
            -73.96816469850151,
            40.80560689377666
          ],
          [
            -73.96813799096788,
            40.80565789932572
          ],
          [
            -73.9681111831031,
            40.80570887448181
          ]
        ]
      }
    },
    {
      "type": "Feature",
      "properties": {
        "street_id": 11,
        "segment_count": 2,
        "valid_slope_segment_count": 2,
        "mean_abs_slope_pct": 6.3,
        "max_segment_slope_pct": 6.3,
        "slope_variation_range_pct": 0.01,
        "longest_continuous_steep_uphill_ft": 0.0,
        "continuous_steep_uphill_ratio_pct": 0.0,
        "landing_like_coverage_ratio_pct": 0.0,
        "mean_landing_distance_ft": 61.2,
        "max_landing_distance_ft": 71.2,
        "unreachable_segment_count": 0
      },
      "geometry": {
        "type": "LineString",
        "coordinates": [
          [
            -73.96035728531656,
            40.81795913718599
          ],
          [
            -73.96032198385612,
            40.818007034356434
          ],
          [
            -73.96028668234487,
            40.81805493151564
          ]
        ]
      }
    },
    {
      "type": "Feature",
      "properties": {
        "street_id": 12,
        "segment_count": 9,
        "valid_slope_segment_count": 9,
        "mean_abs_slope_pct": 3.02,
        "max_segment_slope_pct": 8.72,
        "slope_variation_range_pct": 8.55,
        "longest_continuous_steep_uphill_ft": 20.0,
        "continuous_steep_uphill_ratio_pct": 11.11,
        "landing_like_coverage_ratio_pct": 44.44,
        "mean_landing_distance_ft": 7.78,
        "max_landing_distance_ft": 30.0,
        "unreachable_segment_count": 0
      },
      "geometry": {
        "type": "LineString",
        "coordinates": [
          [
            -73.96068717500525,
            40.817510531742045
          ],
          [
            -73.96065193432742,
            40.817558454641805
          ],
          [
            -73.9606166935988,
            40.81760637753042
          ],
          [
            -73.96058145281947,
            40.81765430040789
          ],
          [
            -73.96054621198935,
            40.81770222327423
          ],
          [
            -73.96051097110849,
            40.817750146129434
          ],
          [
            -73.96047573017687,
            40.817798068973474
          ],
          [
            -73.96044048919451,
            40.817845991806344
          ],
          [
            -73.96040524816138,
            40.81789391462806
          ],
          [
            -73.96037000707751,
            40.81794183743865
          ]
        ]
      }
    },
    {
      "type": "Feature",
      "properties": {
        "street_id": 13,
        "segment_count": 13,
        "valid_slope_segment_count": 13,
        "mean_abs_slope_pct": 4.58,
        "max_segment_slope_pct": 10.39,
        "slope_variation_range_pct": 8.85,
        "longest_continuous_steep_uphill_ft": 20.0,
        "continuous_steep_uphill_ratio_pct": 7.69,
        "landing_like_coverage_ratio_pct": 15.38,
        "mean_landing_distance_ft": 46.92,
        "max_landing_distance_ft": 110.0,
        "unreachable_segment_count": 0
      },
      "geometry": {
        "type": "LineString",
        "coordinates": [
          [
            -73.95496655686003,
            40.810064554601674
          ],
          [
            -73.9549315011163,
            40.810112554127706
          ],
          [
            -73.95489644532205,
            40.810160553642696
          ],
          [
            -73.95486138947723,
            40.810208553146644
          ],
          [
            -73.95482633358182,
            40.810256552639565
          ],
          [
            -73.95479127763586,
            40.810304552121444
          ],
          [
            -73.95475622163937,
            40.81035255159233
          ],
          [
            -73.95472116559226,
            40.81040055105213
          ],
          [
            -73.95468610949463,
            40.81044855050096
          ],
          [
            -73.95465105334642,
            40.81049654993871
          ],
          [
            -73.95461599714764,
            40.810544549365424
          ],
          [
            -73.95458094089831,
            40.81059254878113
          ],
          [
            -73.95454588459843,
            40.8106405481858
          ],
          [
            -73.95451082824795,
            40.81068854757945
          ]
        ]
      }
    },
    {
      "type": "Feature",
      "properties": {
        "street_id": 14,
        "segment_count": 12,
        "valid_slope_segment_count": 12,
        "mean_abs_slope_pct": 4.0,
        "max_segment_slope_pct": 11.29,
        "slope_variation_range_pct": 11.0,
        "longest_continuous_steep_uphill_ft": 20.0,
        "continuous_steep_uphill_ratio_pct": 8.33,
        "landing_like_coverage_ratio_pct": 25.0,
        "mean_landing_distance_ft": 32.5,
        "max_landing_distance_ft": 110.0,
        "unreachable_segment_count": 0
      },
      "geometry": {
        "type": "LineString",
        "coordinates": [
          [
            -73.96193517254062,
            40.81623955903581
          ],
          [
            -73.9618718574648,
            40.81626600806111
          ],
          [
            -73.96180431124198,
            40.81628550077166
          ],
          [
            -73.9617339565304,
            40.81629800777083
          ],
          [
            -73.96166209318936,
            40.81630371628165
          ],
          [
            -73.96158986463406,
            40.81630222867416
          ],
          [
            -73.96151875798424,
            40.81629248035959
          ],
          [
            -73.96145060178615,
            40.81627425429763
          ],
          [
            -73.96138713409694,
            40.81624801723237
          ],
          [
            -73.96132997090704,
            40.81621444126271
          ],
          [
            -73.96128094788449,
            40.81617411443043
          ],
          [
            -73.96124148912541,
            40.816128128467454
          ],
          [
            -73.96121216518043,
            40.81607795806441
          ]
        ]
      }
    },
    {
      "type": "Feature",
      "properties": {
        "street_id": 16,
        "segment_count": 14,
        "valid_slope_segment_count": 14,
        "mean_abs_slope_pct": 20.1,
        "max_segment_slope_pct": 28.96,
        "slope_variation_range_pct": 27.73,
        "longest_continuous_steep_uphill_ft": 220.0,
        "continuous_steep_uphill_ratio_pct": 78.57,
        "landing_like_coverage_ratio_pct": 7.14,
        "mean_landing_distance_ft": 120.71,
        "max_landing_distance_ft": 250.0,
        "unreachable_segment_count": 0
      },
      "geometry": {
        "type": "LineString",
        "coordinates": [
          [
            -73.95979225445446,
            40.81382348204826
          ],
          [
            -73.95985580571282,
            40.81384959885255
          ],
          [
            -73.95991935702105,
            40.813875715621705
          ],
          [
            -73.95998290837915,
            40.813901832355725
          ],
          [
            -73.96004645978714,
            40.81392794905459
          ],
          [
            -73.96011001124499,
            40.81395406571831
          ],
          [
            -73.96017356275274,
            40.81398018234692
          ],
          [
            -73.96023711431037,
            40.81400629894036
          ],
          [
            -73.96030066591787,
            40.814032415498666
          ],
          [
            -73.96036421757523,
            40.81405853202183
          ],
          [
            -73.96042776928249,
            40.814084648509855
          ],
          [
            -73.96049132103963,
            40.814110764962734
          ],
          [
            -73.96055487284664,
            40.81413688138048
          ],
          [
            -73.96061842470351,
            40.81416299776311
          ],
          [
            -73.96068197661027,
            40.81418911411056
          ]
        ]
      }
    },
    {
      "type": "Feature",
      "properties": {
        "street_id": 17,
        "segment_count": 26,
        "valid_slope_segment_count": 26,
        "mean_abs_slope_pct": 13.66,
        "max_segment_slope_pct": 21.2,
        "slope_variation_range_pct": 18.88,
        "longest_continuous_steep_uphill_ft": 260.0,
        "continuous_steep_uphill_ratio_pct": 50.0,
        "landing_like_coverage_ratio_pct": 0.0,
        "mean_landing_distance_ft": 502.62,
        "max_landing_distance_ft": 752.62,
        "unreachable_segment_count": 0
      },
      "geometry": {
        "type": "LineString",
        "coordinates": [
          [
            -73.95794861625066,
            40.80805338807063
          ],
          [
            -73.95801212151514,
            40.808079561689425
          ],
          [
            -73.9580756268296,
            40.8081057352731
          ],
          [
            -73.95813913219395,
            40.808131908821686
          ],
          [
            -73.95820263760828,
            40.80815808233519
          ],
          [
            -73.95826614307255,
            40.80818425581357
          ],
          [
            -73.95832964858678,
            40.80821042925692
          ],
          [
            -73.95839315415095,
            40.80823660266514
          ],
          [
            -73.95845665976506,
            40.808262776038276
          ],
          [
            -73.95852016542912,
            40.80828894937626
          ],
          [
            -73.95858367114312,
            40.808315122679204
          ],
          [
            -73.95864717690706,
            40.80834129594706
          ],
          [
            -73.95871068272095,
            40.80836746917984
          ],
          [
            -73.95877418858478,
            40.808393642377474
          ],
          [
            -73.95883769449858,
            40.80841981554003
          ],
          [
            -73.95890120046231,
            40.80844598866753
          ],
          [
            -73.95896470647598,
            40.80847216175991
          ],
          [
            -73.95902821253962,
            40.80849833481721
          ],
          [
            -73.95909171865316,
            40.8085245078394
          ],
          [
            -73.9591552248167,
            40.80855068082653
          ],
          [
            -73.95921873103015,
            40.80857685377853
          ],
          [
            -73.95928223729355,
            40.808603026695444
          ],
          [
            -73.9593457436069,
            40.808629199577275
          ],
          [
            -73.9594092499702,
            40.808655372424
          ],
          [
            -73.95947275638343,
            40.80868154523563
          ],
          [
            -73.95953626284661,
            40.80870771801218
          ],
          [
            -73.95959976935977,
            40.80873389075364
          ]
        ]
      }
    },
    {
      "type": "Feature",
      "properties": {
        "street_id": 18,
        "segment_count": 30,
        "valid_slope_segment_count": 30,
        "mean_abs_slope_pct": 32.27,
        "max_segment_slope_pct": 37.58,
        "slope_variation_range_pct": 16.19,
        "longest_continuous_steep_uphill_ft": 600.0,
        "continuous_steep_uphill_ratio_pct": 100.0,
        "landing_like_coverage_ratio_pct": 0.0,
        "mean_landing_distance_ft": 1420.3,
        "max_landing_distance_ft": 1710.3,
        "unreachable_segment_count": 0
      },
      "geometry": {
        "type": "LineString",
        "coordinates": [
          [
            -73.96056137125072,
            40.81588218914163
          ],
          [
            -73.96054338873378,
            40.81593535629436
          ],
          [
            -73.96052540618808,
            40.8159885234439
          ],
          [
            -73.96051190615862,
            40.81604245117815
          ],
          [
            -73.96050250124078,
            40.816096878565666
          ],
          [
            -73.96049321636717,
            40.81615131784867
          ],
          [
            -73.96049262138924,
            40.81620621038335
          ],
          [
            -73.9604920264103,
            40.81626110291746
          ],
          [
            -73.96049572501958,
            40.81631592534698
          ],
          [
            -73.96050398568664,
            40.81637045981224
          ],
          [
            -73.96051224636726,
            40.81642499427634
          ],
          [
            -73.96052880033074,
            40.8164784285866
          ],
          [
            -73.96054576001814,
            40.81653178941062
          ],
          [
            -73.96056645148536,
            40.816584384845505
          ],
          [
            -73.96059176412939,
            40.816635800548816
          ],
          [
            -73.96061707681255,
            40.816687216246095
          ],
          [
            -73.96065081211424,
            40.8167357602356
          ],
          [
            -73.96068481887369,
            40.81678419478901
          ],
          [
            -73.96071156720753,
            40.816835189260026
          ],
          [
            -73.96073637256514,
            40.81688674749371
          ],
          [
            -73.96075563232924,
            40.816939655865326
          ],
          [
            -73.96077054836172,
            40.81699336786165
          ],
          [
            -73.96078236240903,
            40.81704752352767
          ],
          [
            -73.96078698460782,
            40.81710230548254
          ],
          [
            -73.96079131713533,
            40.81715710110002
          ],
          [
            -73.96078554133216,
            40.81721181982803
          ],
          [
            -73.96077976551948,
            40.817266538555266
          ],
          [
            -73.96076620217605,
            40.817320457145435
          ],
          [
            -73.96075025680473,
            40.81737399820187
          ],
          [
            -73.9607290846623,
            40.81742648316126
          ],
          [
            -73.96070348748162,
            40.81747781757911
          ]
        ]
      }
    },
    {
      "type": "Feature",
      "properties": {
        "street_id": 21,
        "segment_count": 44,
        "valid_slope_segment_count": 44,
        "mean_abs_slope_pct": 18.4,
        "max_segment_slope_pct": 27.09,
        "slope_variation_range_pct": 26.94,
        "longest_continuous_steep_uphill_ft": 460.0,
        "continuous_steep_uphill_ratio_pct": 52.27,
        "landing_like_coverage_ratio_pct": 6.82,
        "mean_landing_distance_ft": 182.05,
        "max_landing_distance_ft": 390.0,
        "unreachable_segment_count": 0
      },
      "geometry": {
        "type": "LineString",
        "coordinates": [
          [
            -73.96156937865564,
            40.811205365159935
          ],
          [
            -73.96150618425258,
            40.811178756644864
          ],
          [
            -73.96144298965756,
            40.81115214842756
          ],
          [
            -73.96137979445709,
            40.811125541074844
          ],
          [
            -73.96131659930712,
            40.811098933687404
          ],
          [
            -73.96125340420771,
            40.81107232626519
          ],
          [
            -73.96119020915881,
            40.81104571880827
          ],
          [
            -73.96112701416045,
            40.81101911131656
          ],
          [
            -73.9610638192126,
            40.8109925037901
          ],
          [
            -73.96100062431529,
            40.81096589622884
          ],
          [
            -73.96093742946852,
            40.8109392886329
          ],
          [
            -73.96087423467225,
            40.81091268100217
          ],
          [
            -73.96081103992653,
            40.810886073336704
          ],
          [
            -73.96074784523132,
            40.810859465636476
          ],
          [
            -73.96068465058666,
            40.81083285790149
          ],
          [
            -73.96062145599252,
            40.810806250131755
          ],
          [
            -73.9605582614489,
            40.81077964232725
          ],
          [
            -73.9604950669558,
            40.81075303448801
          ],
          [
            -73.96043187251325,
            40.810726426614
          ],
          [
            -73.96036867812121,
            40.81069981870528
          ],
          [
            -73.9603054837797,
            40.81067321076177
          ],
          [
            -73.96024228948873,
            40.81064660278352
          ],
          [
            -73.9601790952483,
            40.8106199947705
          ],
          [
            -73.96011590105837,
            40.810593386722736
          ],
          [
            -73.96005270691897,
            40.81056677864021
          ],
          [
            -73.95998951283012,
            40.81054017052294
          ],
          [
            -73.95992631879177,
            40.810513562370915
          ],
          [
            -73.95986312480397,
            40.810486954184135
          ],
          [
            -73.9597999308667,
            40.81046034596259
          ],
          [
            -73.95973673697995,
            40.810433737706326
          ],
          [
            -73.95967354314371,
            40.8104071294153
          ],
          [
            -73.95961034935802,
            40.8103805210895
          ],
          [
            -73.95954715562287,
            40.81035391272895
          ],
          [
            -73.95948396193822,
            40.81032730433365
          ],
          [
            -73.9594207683041,
            40.81030069590361
          ],
          [
            -73.95935757472053,
            40.81027408743881
          ],
          [
            -73.95929438118746,
            40.810247478939274
          ],
          [
            -73.95923118770494,
            40.81022087040493
          ],
          [
            -73.95916799427293,
            40.810194261835896
          ],
          [
            -73.95910480089148,
            40.810167653232064
          ],
          [
            -73.95904160756052,
            40.81014104459352
          ],
          [
            -73.95897841428012,
            40.8101144359202
          ],
          [
            -73.95891522105023,
            40.81008782721214
          ],
          [
            -73.95885202787088,
            40.8100612184693
          ],
          [
            -73.95878883474204,
            40.81003460969172
          ]
        ]
      }
    },
    {
      "type": "Feature",
      "properties": {
        "street_id": 22,
        "segment_count": 14,
        "valid_slope_segment_count": 14,
        "mean_abs_slope_pct": 2.68,
        "max_segment_slope_pct": 7.53,
        "slope_variation_range_pct": 7.18,
        "longest_continuous_steep_uphill_ft": 0.0,
        "continuous_steep_uphill_ratio_pct": 0.0,
        "landing_like_coverage_ratio_pct": 28.57,
        "mean_landing_distance_ft": 14.29,
        "max_landing_distance_ft": 50.0,
        "unreachable_segment_count": 0
      },
      "geometry": {
        "type": "LineString",
        "coordinates": [
          [
            -73.95479380696446,
            40.811670471225725
          ],
          [
            -73.95475819300769,
            40.81162270917079
          ],
          [
            -73.954722579102,
            40.81157494710451
          ],
          [
            -73.95468696524746,
            40.81152718502686
          ],
          [
            -73.954651351444,
            40.81147942293784
          ],
          [
            -73.9546157376917,
            40.81143166083748
          ],
          [
            -73.95458012399048,
            40.81138389872567
          ],
          [
            -73.95454451034037,
            40.81133613660258
          ],
          [
            -73.9545088967414,
            40.81128837446805
          ],
          [
            -73.95447328319354,
            40.81124061232218
          ],
          [
            -73.95443766969679,
            40.81119285016493
          ],
          [
            -73.95440205625114,
            40.81114508799634
          ],
          [
            -73.95436644285664,
            40.81109732581635
          ],
          [
            -73.95433082951321,
            40.81104956362499
          ],
          [
            -73.95429521622091,
            40.81100180142224
          ]
        ]
      }
    },
    {
      "type": "Feature",
      "properties": {
        "street_id": 23,
        "segment_count": 15,
        "valid_slope_segment_count": 15,
        "mean_abs_slope_pct": 14.75,
        "max_segment_slope_pct": 23.73,
        "slope_variation_range_pct": 21.1,
        "longest_continuous_steep_uphill_ft": 220.0,
        "continuous_steep_uphill_ratio_pct": 73.33,
        "landing_like_coverage_ratio_pct": 0.0,
        "mean_landing_distance_ft": 290.0,
        "max_landing_distance_ft": 430.0,
        "unreachable_segment_count": 0
      },
      "geometry": {
        "type": "LineString",
        "coordinates": [
          [
            -73.9638827404349,
            40.80801500793908
          ],
          [
            -73.96394563037461,
            40.80804202566331
          ],
          [
            -73.96400852036537,
            40.80806904335305
          ],
          [
            -73.96407141040717,
            40.80809606100841
          ],
          [
            -73.96413430050005,
            40.80812307862936
          ],
          [
            -73.96419719064396,
            40.80815009621584
          ],
          [
            -73.96426008083895,
            40.8081771137679
          ],
          [
            -73.96432297108501,
            40.808204131285564
          ],
          [
            -73.96438586138208,
            40.80823114876878
          ],
          [
            -73.96444875173025,
            40.8082581662176
          ],
          [
            -73.96451164212947,
            40.80828518363195
          ],
          [
            -73.96457453257972,
            40.80831220101192
          ],
          [
            -73.96463742308104,
            40.80833921835743
          ],
          [
            -73.96470031363343,
            40.80836623566854
          ],
          [
            -73.96476320423686,
            40.80839325294521
          ],
          [
            -73.96482609489136,
            40.80842027018743
          ]
        ]
      }
    },
    {
      "type": "Feature",
      "properties": {
        "street_id": 24,
        "segment_count": 180,
        "valid_slope_segment_count": 180,
        "mean_abs_slope_pct": 11.1,
        "max_segment_slope_pct": 28.22,
        "slope_variation_range_pct": 28.12,
        "longest_continuous_steep_uphill_ft": 700.0,
        "continuous_steep_uphill_ratio_pct": 19.44,
        "landing_like_coverage_ratio_pct": 3.89,
        "mean_landing_distance_ft": 262.58,
        "max_landing_distance_ft": 972.93,
        "unreachable_segment_count": 0
      },
      "geometry": {
        "type": "LineString",
        "coordinates": [
          [
            -73.9610936398653,
            40.80175504574495
          ],
          [
            -73.96107523666393,
            40.8018081290839
          ],
          [
            -73.96105683356568,
            40.801861212446
          ],
          [
            -73.96103843043807,
            40.801914295804714
          ],
          [
            -73.96102002728111,
            40.801967379160025
          ],
          [
            -73.96100162409478,
            40.802020462511955
          ],
          [
            -73.96098322087913,
            40.80207354586049
          ],
          [
            -73.9609648176341,
            40.80212662920567
          ],
          [
            -73.96094641435973,
            40.80217971254741
          ],
          [
            -73.96092801105603,
            40.80223279588581
          ],
          [
            -73.96090960772294,
            40.802285879220804
          ],
          [
            -73.96089120436051,
            40.80233896255243
          ],
          [
            -73.96087280096872,
            40.80239204588062
          ],
          [
            -73.96085439754759,
            40.80244512920549
          ],
          [
            -73.9608359940971,
            40.802498212526906
          ],
          [
            -73.96081759061727,
            40.80255129584497
          ],
          [
            -73.96079918710807,
            40.80260437915965
          ],
          [
            -73.96078078356953,
            40.80265746247094
          ],
          [
            -73.96076238000164,
            40.80271054577883
          ],
          [
            -73.9607439764044,
            40.80276362908332
          ],
          [
            -73.96072557277778,
            40.802816712384484
          ],
          [
            -73.96070716912182,
            40.80286979568218
          ],
          [
            -73.96068876543652,
            40.80292287897654
          ],
          [
            -73.96067036172185,
            40.8029759622675
          ],
          [
            -73.96065195797783,
            40.80302904555506
          ],
          [
            -73.96063355420448,
            40.803082128839236
          ],
          [
            -73.96061515040175,
            40.803135212120054
          ],
          [
            -73.96059674656968,
            40.80318829539743
          ],
          [
            -73.96057834270825,
            40.803241378671466
          ],
          [
            -73.96055993881745,
            40.80329446194211
          ],
          [
            -73.96054153489732,
            40.80334754520933
          ],
          [
            -73.96052313094785,
            40.80340062847316
          ],
          [
            -73.960504726969,
            40.80345371173366
          ],
          [
            -73.96048632296079,
            40.803506794990724
          ],
          [
            -73.96046791892324,
            40.80355987824445
          ],
          [
            -73.96044951485634,
            40.80361296149472
          ],
          [
            -73.96043111076008,
            40.80366604474165
          ],
          [
            -73.96041270663446,
            40.80371912798517
          ],
          [
            -73.9603943024795,
            40.803772211225294
          ],
          [
            -73.96037589829518,
            40.803825294462015
          ],
          [
            -73.96035749408149,
            40.80387837769541
          ],
          [
            -73.96033908983847,
            40.80393146092539
          ],
          [
            -73.96032068556609,
            40.80398454415199
          ],
          [
            -73.96030253122224,
            40.80403767705127
          ],
          [
            -73.96028441458968,
            40.80409081738469
          ],
          [
            -73.96026629792819,
            40.80414395771482
          ],
          [
            -73.96024818123776,
            40.80419709804164
          ],
          [
            -73.96023006451841,
            40.80425023836513
          ],
          [
            -73.96021194777015,
            40.804303378685354
          ],
          [
            -73.96019383099294,
            40.80435651900229
          ],
          [
            -73.9601757141868,
            40.8044096593159
          ],
          [
            -73.96015759735175,
            40.80446279962622
          ],
          [
            -73.96013948048778,
            40.804515939933246
          ],
          [
            -73.96012136359487,
            40.804569080236945
          ],
          [
            -73.96010324667303,
            40.80462222053736
          ],
          [
            -73.96008512972227,
            40.804675360834494
          ],
          [
            -73.96006703003039,
            40.804728504529685
          ],
          [
            -73.96004895387426,
            40.8047816528523
          ],
          [
            -73.96003087768928,
            40.804834801171666
          ],
          [
            -73.9600128014754,
            40.80488794948774
          ],
          [
            -73.95999472523268,
            40.804941097800516
          ],
          [
            -73.95997664896109,
            40.804994246110006
          ],
          [
            -73.95995857266061,
            40.805047394416206
          ],
          [
            -73.9599404963313,
            40.8051005427191
          ],
          [
            -73.9599224199731,
            40.80515369101875
          ],
          [
            -73.95990434358603,
            40.8052068393151
          ],
          [
            -73.9598862671701,
            40.80525998760817
          ],
          [
            -73.9598681907253,
            40.80531313589793
          ],
          [
            -73.95985011425164,
            40.80536628418441
          ],
          [
            -73.95983203774911,
            40.805419432467595
          ],
          [
            -73.9597995767655,
            40.805468473369906
          ],
          [
            -73.9597664613543,
            40.80551726099838
          ],
          [
            -73.9597333458946,
            40.80556604861701
          ],
          [
            -73.95970023038632,
            40.80561483622572
          ],
          [
            -73.95966711482953,
            40.80566362382455
          ],
          [
            -73.95963399922414,
            40.80571241141346
          ],
          [
            -73.95960088357023,
            40.80576119899248
          ],
          [
            -73.95956776786778,
            40.805809986561634
          ],
          [
            -73.95953465211677,
            40.80585877412084
          ],
          [
            -73.95950153631723,
            40.80590756167021
          ],
          [
            -73.95946842046915,
            40.80595634920966
          ],
          [
            -73.95943530457251,
            40.80600513673918
          ],
          [
            -73.95940218862734,
            40.806053924258876
          ],
          [
            -73.95936907263359,
            40.80610271176863
          ],
          [
            -73.95933470164879,
            40.80615099552804
          ],
          [
            -73.9592995930449,
            40.80619897190312
          ],
          [
            -73.95926448439037,
            40.80624694826719
          ],
          [
            -73.95922937568523,
            40.80629492462019
          ],
          [
            -73.95919426692949,
            40.806342900962086
          ],
          [
            -73.95915915812311,
            40.80639087729299
          ],
          [
            -73.95912404926615,
            40.80643885361278
          ],
          [
            -73.95908894035858,
            40.8064868299215
          ],
          [
            -73.95905383140037,
            40.8065348062192
          ],
          [
            -73.95901872239156,
            40.8065827825058
          ],
          [
            -73.95898361333214,
            40.80663075878134
          ],
          [
            -73.9589485042221,
            40.80667873504584
          ],
          [
            -73.95891339506146,
            40.80672671129929
          ],
          [
            -73.9588782858502,
            40.80677468754165
          ],
          [
            -73.95884317658833,
            40.806822663772955
          ],
          [
            -73.95880806727584,
            40.80687063999319
          ],
          [
            -73.95877295791274,
            40.806918616202346
          ],
          [
            -73.95873784849901,
            40.8069665924005
          ],
          [
            -73.95870273903469,
            40.80701456858753
          ],
          [
            -73.95866762951975,
            40.80706254476352
          ],
          [
            -73.9586325199542,
            40.80711052092847
          ],
          [
            -73.95859741033802,
            40.80715849708232
          ],
          [
            -73.95856230067123,
            40.807206473225136
          ],
          [
            -73.95852719095383,
            40.807254449356854
          ],
          [
            -73.95849208118582,
            40.80730242547754
          ],
          [
            -73.9584569713672,
            40.80735040158716
          ],
          [
            -73.95842186149795,
            40.80739837768574
          ],
          [
            -73.95838695216524,
            40.80744643820771
          ],
          [
            -73.95835219691445,
            40.807494563170216
          ],
          [
            -73.9583174416134,
            40.80754268812178
          ],
          [
            -73.95828268626208,
            40.80759081306251
          ],
          [
            -73.95824793086051,
            40.80763893799242
          ],
          [
            -73.95821317540867,
            40.80768706291148
          ],
          [
            -73.9581784199066,
            40.8077351878197
          ],
          [
            -73.95814366435424,
            40.80778331271703
          ],
          [
            -73.95810890875163,
            40.807831437603525
          ],
          [
            -73.95807415309876,
            40.807879562479165
          ],
          [
            -73.95803939739564,
            40.80792768734398
          ],
          [
            -73.95800464164225,
            40.8079758121979
          ],
          [
            -73.95796988583861,
            40.80802393704102
          ],
          [
            -73.9579379725914,
            40.80807318551915
          ],
          [
            -73.95791065146396,
            40.80812400337926
          ],
          [
            -73.95788333029483,
            40.80817482123248
          ],
          [
            -73.95785600908398,
            40.80822563907881
          ],
          [
            -73.95782868783142,
            40.80827645691825
          ],
          [
            -73.95780136653713,
            40.80832727475084
          ],
          [
            -73.95777404520109,
            40.80837809257648
          ],
          [
            -73.95774672382336,
            40.808428910395264
          ],
          [
            -73.9577194024039,
            40.808479728207146
          ],
          [
            -73.95769208094273,
            40.80853054601214
          ],
          [
            -73.95766475943984,
            40.808581363810255
          ],
          [
            -73.95763743789522,
            40.80863218160146
          ],
          [
            -73.95761028175635,
            40.808683050558045
          ],
          [
            -73.95758368258204,
            40.80873408913472
          ],
          [
            -73.95755708336694,
            40.80878512770482
          ],
          [
            -73.95753048411102,
            40.80883616626836
          ],
          [
            -73.95750388481433,
            40.808887204825346
          ],
          [
            -73.95747728547683,
            40.80893824337581
          ],
          [
            -73.95745068609854,
            40.80898928191968
          ],
          [
            -73.95742408667947,
            40.809040320457
          ],
          [
            -73.95739748721958,
            40.80909135898777
          ],
          [
            -73.95737088771891,
            40.809142397512
          ],
          [
            -73.95734428817744,
            40.80919343602963
          ],
          [
            -73.9573176885952,
            40.80924447454073
          ],
          [
            -73.95729108897211,
            40.80929551304528
          ],
          [
            -73.95726448930826,
            40.80934655154321
          ],
          [
            -73.95723793676794,
            40.8093976042108
          ],
          [
            -73.95721164815363,
            40.8094487356758
          ],
          [
            -73.95718647118707,
            40.809500189112214
          ],
          [
            -73.95716253556066,
            40.80955198344155
          ],
          [
            -73.95714045816975,
            40.809604252118866
          ],
          [
            -73.95712971265894,
            40.80965853601821
          ],
          [
            -73.95711992140421,
            40.809712924026584
          ],
          [
            -73.95711523336593,
            40.80976770279205
          ],
          [
            -73.95711782102073,
            40.80982256202406
          ],
          [
            -73.95712676518094,
            40.80987703419826
          ],
          [
            -73.95714191858187,
            40.809930707631224
          ],
          [
            -73.9571631687853,
            40.80998317388717
          ],
          [
            -73.95719035511289,
            40.81003403369274
          ],
          [
            -73.95722327002545,
            40.810082900439276
          ],
          [
            -73.95726166096217,
            40.8101294035612
          ],
          [
            -73.95730523262102,
            40.81017319175533
          ],
          [
            -73.957354439203,
            40.81021338624711
          ],
          [
            -73.95740678822351,
            40.81025121962865
          ],
          [
            -73.95746664058551,
            40.81028196615962
          ],
          [
            -73.95753170693685,
            40.810305827085635
          ],
          [
            -73.95759441655446,
            40.81033308857624
          ],
          [
            -73.95765712622342,
            40.81036035003261
          ],
          [
            -73.95771983594376,
            40.81038761145478
          ],
          [
            -73.9577825457155,
            40.81041487284269
          ],
          [
            -73.9578452555386,
            40.8104421341964
          ],
          [
            -73.95790796541304,
            40.810469395515874
          ],
          [
            -73.95797067533888,
            40.81049665680111
          ],
          [
            -73.9580333853161,
            40.81052391805212
          ],
          [
            -73.95809609534467,
            40.81055117926888
          ],
          [
            -73.95815880542462,
            40.81057844045142
          ],
          [
            -73.95822151555595,
            40.81060570159974
          ]
        ]
      }
    },
    {
      "type": "Feature",
      "properties": {
        "street_id": 25,
        "segment_count": 34,
        "valid_slope_segment_count": 34,
        "mean_abs_slope_pct": 6.0,
        "max_segment_slope_pct": 11.49,
        "slope_variation_range_pct": 11.34,
        "longest_continuous_steep_uphill_ft": 60.0,
        "continuous_steep_uphill_ratio_pct": 8.82,
        "landing_like_coverage_ratio_pct": 8.82,
        "mean_landing_distance_ft": 60.82,
        "max_landing_distance_ft": 150.0,
        "unreachable_segment_count": 0
      },
      "geometry": {
        "type": "LineString",
        "coordinates": [
          [
            -73.95949328281615,
            40.817007487220344
          ],
          [
            -73.95955647092055,
            40.817034111926304
          ],
          [
            -73.95961965907549,
            40.817060736597455
          ],
          [
            -73.95968284728102,
            40.81708736123391
          ],
          [
            -73.95974603553708,
            40.817113985835604
          ],
          [
            -73.95980922384369,
            40.81714061040257
          ],
          [
            -73.9598724122009,
            40.81716723493476
          ],
          [
            -73.95993560060863,
            40.81719385943223
          ],
          [
            -73.95999878906694,
            40.81722048389496
          ],
          [
            -73.96006197757582,
            40.81724710832293
          ],
          [
            -73.96012516613524,
            40.817273732716146
          ],
          [
            -73.96018835474524,
            40.81730035707461
          ],
          [
            -73.96025154340579,
            40.81732698139836
          ],
          [
            -73.9603147321169,
            40.81735360568734
          ],
          [
            -73.96037792087856,
            40.817380229941584
          ],
          [
            -73.96044110969079,
            40.81740685416109
          ],
          [
            -73.96050429855357,
            40.81743347834584
          ],
          [
            -73.96056748746693,
            40.817460102495836
          ],
          [
            -73.96063067643082,
            40.817486726611094
          ],
          [
            -73.96069387844521,
            40.817513332876025
          ],
          [
            -73.96075718994237,
            40.817539788513734
          ],
          [
            -73.96082050148983,
            40.81756624411661
          ],
          [
            -73.96088381308766,
            40.81759269968461
          ],
          [
            -73.9609471247358,
            40.81761915521772
          ],
          [
            -73.96101043643428,
            40.817645610715985
          ],
          [
            -73.96107374818313,
            40.817672066179306
          ],
          [
            -73.96113705998228,
            40.817698521607774
          ],
          [
            -73.96120037183177,
            40.81772497700139
          ],
          [
            -73.96126368373163,
            40.81775143236012
          ],
          [
            -73.96132699568182,
            40.81777788768393
          ],
          [
            -73.96139030768232,
            40.817804342972906
          ],
          [
            -73.96145361973316,
            40.817830798226986
          ],
          [
            -73.96151693183435,
            40.8178572534462
          ],
          [
            -73.96158024398586,
            40.81788370863054
          ],
          [
            -73.96164355618774,
            40.81791016377995
          ]
        ]
      }
    },
    {
      "type": "Feature",
      "properties": {
        "street_id": 26,
        "segment_count": 2,
        "valid_slope_segment_count": 2,
        "mean_abs_slope_pct": 6.92,
        "max_segment_slope_pct": 7.6,
        "slope_variation_range_pct": 1.36,
        "longest_continuous_steep_uphill_ft": 0.0,
        "continuous_steep_uphill_ratio_pct": 0.0,
        "landing_like_coverage_ratio_pct": 0.0,
        "mean_landing_distance_ft": null,
        "max_landing_distance_ft": null,
        "unreachable_segment_count": 2
      },
      "geometry": {
        "type": "LineString",
        "coordinates": [
          [
            -73.95711948824685,
            40.806855437514464
          ],
          [
            -73.957182891015,
            40.806881752620285
          ],
          [
            -73.95724629383328,
            40.80690806769111
          ]
        ]
      }
    },
    {
      "type": "Feature",
      "properties": {
        "street_id": 27,
        "segment_count": 23,
        "valid_slope_segment_count": 19,
        "mean_abs_slope_pct": 15.27,
        "max_segment_slope_pct": 19.02,
        "slope_variation_range_pct": 16.99,
        "longest_continuous_steep_uphill_ft": 340.0,
        "continuous_steep_uphill_ratio_pct": 73.91,
        "landing_like_coverage_ratio_pct": 0.0,
        "mean_landing_distance_ft": null,
        "max_landing_distance_ft": null,
        "unreachable_segment_count": 23
      },
      "geometry": {
        "type": "LineString",
        "coordinates": [
          [
            -73.95959823890395,
            40.80113614210456
          ],
          [
            -73.95966159932155,
            40.80116250850841
          ],
          [
            -73.95972504233515,
            40.80118876000595
          ],
          [
            -73.95978848539879,
            40.801215011468436
          ],
          [
            -73.95985192851248,
            40.8012412628959
          ],
          [
            -73.9599153716762,
            40.80126751428835
          ],
          [
            -73.95997881488996,
            40.80129376564575
          ],
          [
            -73.96004225815376,
            40.80132001696817
          ],
          [
            -73.9601057014676,
            40.80134626825553
          ],
          [
            -73.96016914483148,
            40.801372519507865
          ],
          [
            -73.9602325882454,
            40.80139877072518
          ],
          [
            -73.96029603170938,
            40.80142502190743
          ],
          [
            -73.96035947522338,
            40.8014512730547
          ],
          [
            -73.96042291878742,
            40.80147752416694
          ],
          [
            -73.9604863624015,
            40.80150377524414
          ],
          [
            -73.9605498060656,
            40.801530026286315
          ],
          [
            -73.96061324977977,
            40.80155627729347
          ],
          [
            -73.96067669354397,
            40.80158252826559
          ],
          [
            -73.96074013735821,
            40.80160877920267
          ],
          [
            -73.9608035812225,
            40.80163503010475
          ],
          [
            -73.9608670251368,
            40.8016612809718
          ],
          [
            -73.96093046910117,
            40.8016875318038
          ],
          [
            -73.96099391311559,
            40.801713782600785
          ],
          [
            -73.96105735718001,
            40.80174003336273
          ]
        ]
      }
    },
    {
      "type": "Feature",
      "properties": {
        "street_id": 28,
        "segment_count": 22,
        "valid_slope_segment_count": 22,
        "mean_abs_slope_pct": 4.26,
        "max_segment_slope_pct": 6.54,
        "slope_variation_range_pct": 5.67,
        "longest_continuous_steep_uphill_ft": 0.0,
        "continuous_steep_uphill_ratio_pct": 0.0,
        "landing_like_coverage_ratio_pct": 9.09,
        "mean_landing_distance_ft": 101.39,
        "max_landing_distance_ft": 210.0,
        "unreachable_segment_count": 0
      },
      "geometry": {
        "type": "LineString",
        "coordinates": [
          [
            -73.96301559982075,
            40.812624323610436
          ],
          [
            -73.96297979033166,
            40.81267200141958
          ],
          [
            -73.96294398079128,
            40.81271967921721
          ],
          [
            -73.96290817119959,
            40.81276735700337
          ],
          [
            -73.96287236155659,
            40.812815034778026
          ],
          [
            -73.9628365518623,
            40.81286271254122
          ],
          [
            -73.96280074211667,
            40.812910390292906
          ],
          [
            -73.96276493231974,
            40.812958068033076
          ],
          [
            -73.96272912247153,
            40.813005745761764
          ],
          [
            -73.96269331257199,
            40.81305342347897
          ],
          [
            -73.96265750262116,
            40.81310110118468
          ],
          [
            -73.962621692619,
            40.813148778878926
          ],
          [
            -73.96258588256555,
            40.813196456561634
          ],
          [
            -73.9625500724608,
            40.81324413423287
          ],
          [
            -73.96251426230471,
            40.81329181189261
          ],
          [
            -73.96247845209734,
            40.81333948954087
          ],
          [
            -73.96244264183866,
            40.8133871671776
          ],
          [
            -73.96240683152865,
            40.81343484480288
          ],
          [
            -73.96237102116736,
            40.81348252241668
          ],
          [
            -73.96233521075474,
            40.81353020001895
          ],
          [
            -73.96229940029083,
            40.81357787760973
          ],
          [
            -73.96226358977562,
            40.81362555518905
          ],
          [
            -73.96222777920909,
            40.81367323275684
          ]
        ]
      }
    },
    {
      "type": "Feature",
      "properties": {
        "street_id": 29,
        "segment_count": 27,
        "valid_slope_segment_count": 27,
        "mean_abs_slope_pct": 4.78,
        "max_segment_slope_pct": 9.22,
        "slope_variation_range_pct": 8.57,
        "longest_continuous_steep_uphill_ft": 40.0,
        "continuous_steep_uphill_ratio_pct": 7.41,
        "landing_like_coverage_ratio_pct": 25.93,
        "mean_landing_distance_ft": 75.32,
        "max_landing_distance_ft": 193.73,
        "unreachable_segment_count": 0
      },
      "geometry": {
        "type": "LineString",
        "coordinates": [
          [
            -73.9639644993561,
            40.811318732601954
          ],
          [
            -73.96392979907559,
            40.81136688127061
          ],
          [
            -73.96389509874484,
            40.81141502992847
          ],
          [
            -73.96386039835843,
            40.81146317857327
          ],
          [
            -73.96382569791157,
            40.81151132720293
          ],
          [
            -73.96379099741449,
            40.81155947582183
          ],
          [
            -73.96375629686722,
            40.81160762442984
          ],
          [
            -73.96372159626972,
            40.811655773027056
          ],
          [
            -73.96368689562202,
            40.81170392161347
          ],
          [
            -73.96365219492412,
            40.811752070189065
          ],
          [
            -73.96361749417603,
            40.8118002187538
          ],
          [
            -73.9635827933777,
            40.811848367307746
          ],
          [
            -73.96354809252917,
            40.811896515850904
          ],
          [
            -73.96351339163043,
            40.81194466438319
          ],
          [
            -73.96347869068148,
            40.811992812904656
          ],
          [
            -73.96344398968236,
            40.81204096141532
          ],
          [
            -73.96340928863297,
            40.81208910991515
          ],
          [
            -73.96337458753342,
            40.8121372584042
          ],
          [
            -73.96333988638364,
            40.812185406882385
          ],
          [
            -73.96330518518366,
            40.81223355534974
          ],
          [
            -73.96327023134968,
            40.81228159822311
          ],
          [
            -73.96323471507972,
            40.812329402396394
          ],
          [
            -73.96319919875873,
            40.812377206558395
          ],
          [
            -73.96316368238672,
            40.81242501070907
          ],
          [
            -73.9631281659637,
            40.81247281484841
          ],
          [
            -73.96309264948962,
            40.81252061897647
          ],
          [
            -73.96305713296456,
            40.812568423093225
          ],
          [
            -73.96302161638846,
            40.81261622719863
          ]
        ]
      }
    },
    {
      "type": "Feature",
      "properties": {
        "street_id": 30,
        "segment_count": 45,
        "valid_slope_segment_count": 45,
        "mean_abs_slope_pct": 8.63,
        "max_segment_slope_pct": 17.99,
        "slope_variation_range_pct": 16.13,
        "longest_continuous_steep_uphill_ft": 380.0,
        "continuous_steep_uphill_ratio_pct": 42.22,
        "landing_like_coverage_ratio_pct": 4.44,
        "mean_landing_distance_ft": 210.89,
        "max_landing_distance_ft": 570.0,
        "unreachable_segment_count": 0
      },
      "geometry": {
        "type": "LineString",
        "coordinates": [
          [
            -73.96220815811857,
            40.81369935590292
          ],
          [
            -73.9621986827572,
            40.81375377622508
          ],
          [
            -73.96218920738035,
            40.813808196545935
          ],
          [
            -73.962179731988,
            40.81386261686557
          ],
          [
            -73.96217007986995,
            40.8139170192551
          ],
          [
            -73.96215341233395,
            40.813970433092315
          ],
          [
            -73.9621367432872,
            40.81402384665931
          ],
          [
            -73.96211974920274,
            40.81407720107264
          ],
          [
            -73.96208636524138,
            40.81412588455489
          ],
          [
            -73.96205298123115,
            40.81417456802707
          ],
          [
            -73.96201959717209,
            40.81422325148921
          ],
          [
            -73.96198681376016,
            40.814272170005914
          ],
          [
            -73.96195447337071,
            40.814321258455294
          ],
          [
            -73.96192213293358,
            40.81437034689525
          ],
          [
            -73.96188912561168,
            40.81441917844961
          ],
          [
            -73.96185509648225,
            40.81446760347165
          ],
          [
            -73.96182106730329,
            40.81451602848326
          ],
          [
            -73.96178646112408,
            40.814564216896905
          ],
          [
            -73.96175113044197,
            40.81461210088923
          ],
          [
            -73.96171579970904,
            40.814659984870325
          ],
          [
            -73.96168129698673,
            40.81470821611628
          ],
          [
            -73.96164778447549,
            40.81475684871184
          ],
          [
            -73.96161432488438,
            40.814805502344974
          ],
          [
            -73.96158161932125,
            40.81485445103711
          ],
          [
            -73.96154891371002,
            40.81490339971957
          ],
          [
            -73.96151620805068,
            40.81495234839238
          ],
          [
            -73.96148717167374,
            40.81500261508714
          ],
          [
            -73.96145980593964,
            40.81505341991739
          ],
          [
            -73.96143244016376,
            40.815104224740715
          ],
          [
            -73.96140666325732,
            40.815155506984546
          ],
          [
            -73.96138486188842,
            40.81520784289871
          ],
          [
            -73.96136306048523,
            40.81526017880836
          ],
          [
            -73.96134125904776,
            40.81531251471338
          ],
          [
            -73.96132442662636,
            40.815365898747885
          ],
          [
            -73.96130835489454,
            40.815419417928894
          ],
          [
            -73.96129228313688,
            40.815472937107195
          ],
          [
            -73.96127780760663,
            40.81552671858508
          ],
          [
            -73.96126384728917,
            40.81558057862448
          ],
          [
            -73.96125052871372,
            40.81563453238695
          ],
          [
            -73.96124001831478,
            40.815688842907186
          ],
          [
            -73.96122950789868,
            40.81574315342594
          ],
          [
            -73.9612211383077,
            40.815797678302985
          ],
          [
            -73.96121410250024,
            40.81585231182937
          ],
          [
            -73.96120723032391,
            40.815906957376036
          ],
          [
            -73.96120368565462,
            40.81596178567744
          ],
          [
            -73.9612001409795,
            40.81601661397821
          ]
        ]
      }
    },
    {
      "type": "Feature",
      "properties": {
        "street_id": 32,
        "segment_count": 27,
        "valid_slope_segment_count": 27,
        "mean_abs_slope_pct": 2.77,
        "max_segment_slope_pct": 6.01,
        "slope_variation_range_pct": 5.93,
        "longest_continuous_steep_uphill_ft": 0.0,
        "continuous_steep_uphill_ratio_pct": 0.0,
        "landing_like_coverage_ratio_pct": 37.04,
        "mean_landing_distance_ft": 15.93,
        "max_landing_distance_ft": 70.0,
        "unreachable_segment_count": 0
      },
      "geometry": {
        "type": "LineString",
        "coordinates": [
          [
            -73.96154857990413,
            40.806135778463556
          ],
          [
            -73.96148520010671,
            40.80610943241262
          ],
          [
            -73.96142182035948,
            40.80608308632674
          ],
          [
            -73.9613584406624,
            40.80605674020592
          ],
          [
            -73.96129506101549,
            40.80603039405016
          ],
          [
            -73.96123168141877,
            40.806004047859425
          ],
          [
            -73.9611683018722,
            40.80597770163373
          ],
          [
            -73.96110492237584,
            40.805951355373075
          ],
          [
            -73.96104154292964,
            40.80592500907748
          ],
          [
            -73.96097816353361,
            40.805898662746905
          ],
          [
            -73.96091478418774,
            40.8058723163814
          ],
          [
            -73.96085140489205,
            40.80584596998092
          ],
          [
            -73.96078802564655,
            40.80581962354551
          ],
          [
            -73.96072464645121,
            40.80579327707512
          ],
          [
            -73.96066126730607,
            40.80576693056976
          ],
          [
            -73.96059788821107,
            40.80574058402949
          ],
          [
            -73.96053450916627,
            40.80571423745424
          ],
          [
            -73.96047113017163,
            40.80568789084402
          ],
          [
            -73.96040775122715,
            40.80566154419887
          ],
          [
            -73.96034437233288,
            40.805635197518754
          ],
          [
            -73.96028099348875,
            40.80560885080366
          ],
          [
            -73.96021761469483,
            40.80558250405363
          ],
          [
            -73.96015423595105,
            40.805556157268654
          ],
          [
            -73.96009085725746,
            40.805529810448704
          ],
          [
            -73.96002747861402,
            40.80550346359384
          ],
          [
            -73.9599641000208,
            40.80547711670398
          ],
          [
            -73.95990072147772,
            40.80545076977917
          ],
          [
            -73.95983734298481,
            40.805424422819414
          ]
        ]
      }
    },
    {
      "type": "Feature",
      "properties": {
        "street_id": 33,
        "segment_count": 2,
        "valid_slope_segment_count": 2,
        "mean_abs_slope_pct": 3.74,
        "max_segment_slope_pct": 5.55,
        "slope_variation_range_pct": 3.63,
        "longest_continuous_steep_uphill_ft": 0.0,
        "continuous_steep_uphill_ratio_pct": 0.0,
        "landing_like_coverage_ratio_pct": 50.0,
        "mean_landing_distance_ft": 5.0,
        "max_landing_distance_ft": 10.0,
        "unreachable_segment_count": 0
      },
      "geometry": {
        "type": "LineString",
        "coordinates": [
          [
            -73.95756150784803,
            40.80622396243294
          ],
          [
            -73.95762479806365,
            40.80625043267905
          ],
          [
            -73.95768808832962,
            40.80627690289032
          ]
        ]
      }
    },
    {
      "type": "Feature",
      "properties": {
        "street_id": 35,
        "segment_count": 26,
        "valid_slope_segment_count": 26,
        "mean_abs_slope_pct": 15.27,
        "max_segment_slope_pct": 23.14,
        "slope_variation_range_pct": 19.92,
        "longest_continuous_steep_uphill_ft": 240.0,
        "continuous_steep_uphill_ratio_pct": 46.15,
        "landing_like_coverage_ratio_pct": 0.0,
        "mean_landing_distance_ft": 348.66,
        "max_landing_distance_ft": 598.66,
        "unreachable_segment_count": 0
      },
      "geometry": {
        "type": "LineString",
        "coordinates": [
          [
            -73.95840661887806,
            40.80741920603321
          ],
          [
            -73.9584701105995,
            40.80744539777017
          ],
          [
            -73.95853360237092,
            40.80747158947198
          ],
          [
            -73.9585970941923,
            40.807497781138714
          ],
          [
            -73.95866058606364,
            40.8075239727704
          ],
          [
            -73.95872407798498,
            40.80755016436698
          ],
          [
            -73.95878756995627,
            40.807576355928504
          ],
          [
            -73.95885106197753,
            40.80760254745498
          ],
          [
            -73.95891455404877,
            40.80762873894634
          ],
          [
            -73.95897804616996,
            40.80765493040262
          ],
          [
            -73.95904153834115,
            40.80768112182381
          ],
          [
            -73.95910503056228,
            40.80770731320994
          ],
          [
            -73.9591685228334,
            40.80773350456101
          ],
          [
            -73.95923201515446,
            40.80775969587696
          ],
          [
            -73.95929550752551,
            40.80778588715786
          ],
          [
            -73.95935899994655,
            40.80781207840367
          ],
          [
            -73.95942249241752,
            40.807838269614415
          ],
          [
            -73.95948598493847,
            40.807864460790064
          ],
          [
            -73.9595494775094,
            40.80789065193065
          ],
          [
            -73.9596129701303,
            40.807916843036146
          ],
          [
            -73.95967646280114,
            40.80794303410659
          ],
          [
            -73.959739955522,
            40.80796922514193
          ],
          [
            -73.95980344829279,
            40.8079954161422
          ],
          [
            -73.95986694111356,
            40.808021607107406
          ],
          [
            -73.95993043398428,
            40.80804779803749
          ],
          [
            -73.959993926905,
            40.80807398893254
          ],
          [
            -73.96005741987567,
            40.80810017979249
          ]
        ]
      }
    },
    {
      "type": "Feature",
      "properties": {
        "street_id": 36,
        "segment_count": 25,
        "valid_slope_segment_count": 25,
        "mean_abs_slope_pct": 11.39,
        "max_segment_slope_pct": 27.85,
        "slope_variation_range_pct": 27.77,
        "longest_continuous_steep_uphill_ft": 220.0,
        "continuous_steep_uphill_ratio_pct": 44.0,
        "landing_like_coverage_ratio_pct": 32.0,
        "mean_landing_distance_ft": 69.2,
        "max_landing_distance_ft": 250.0,
        "unreachable_segment_count": 0
      },
      "geometry": {
        "type": "LineString",
        "coordinates": [
          [
            -73.96576099053745,
            40.80545152419146
          ],
          [
            -73.96582425559669,
            40.80547802812734
          ],
          [
            -73.96588752070627,
            40.80550453202836
          ],
          [
            -73.96595078586628,
            40.805531035894575
          ],
          [
            -73.96601405107666,
            40.805557539725974
          ],
          [
            -73.96607731633743,
            40.80558404352251
          ],
          [
            -73.96614058164859,
            40.80561054728424
          ],
          [
            -73.9662038470101,
            40.80563705101111
          ],
          [
            -73.96626711242203,
            40.80566355470319
          ],
          [
            -73.96633037788432,
            40.80569005836041
          ],
          [
            -73.966393643397,
            40.805716561982784
          ],
          [
            -73.96645690896005,
            40.80574306557034
          ],
          [
            -73.96652017457352,
            40.80576956912308
          ],
          [
            -73.96658344023734,
            40.80579607264097
          ],
          [
            -73.96664670595155,
            40.80582257612401
          ],
          [
            -73.96670997171614,
            40.80584907957226
          ],
          [
            -73.96677323753111,
            40.80587558298568
          ],
          [
            -73.96683650339646,
            40.805902086364235
          ],
          [
            -73.96689976931222,
            40.805928589707946
          ],
          [
            -73.96696303527835,
            40.80595509301684
          ],
          [
            -73.96702630129485,
            40.80598159629092
          ],
          [
            -73.96708956736174,
            40.80600809953015
          ],
          [
            -73.96715283347902,
            40.80603460273452
          ],
          [
            -73.96721609964666,
            40.8060611059041
          ],
          [
            -73.96727936586471,
            40.80608760903886
          ],
          [
            -73.96734263213314,
            40.806114112138744
          ]
        ]
      }
    },
    {
      "type": "Feature",
      "properties": {
        "street_id": 37,
        "segment_count": 44,
        "valid_slope_segment_count": 44,
        "mean_abs_slope_pct": 2.65,
        "max_segment_slope_pct": 7.44,
        "slope_variation_range_pct": 7.22,
        "longest_continuous_steep_uphill_ft": 0.0,
        "continuous_steep_uphill_ratio_pct": 0.0,
        "landing_like_coverage_ratio_pct": 36.36,
        "mean_landing_distance_ft": 12.27,
        "max_landing_distance_ft": 50.0,
        "unreachable_segment_count": 0
      },
      "geometry": {
        "type": "LineString",
        "coordinates": [
          [
            -73.96292511359962,
            40.80425726075708
          ],
          [
            -73.96298829988798,
            40.80428387141799
          ],
          [
            -73.96305148622687,
            40.804310482044116
          ],
          [
            -73.96311467261629,
            40.80433709263548
          ],
          [
            -73.96317785905622,
            40.80436370319215
          ],
          [
            -73.96324104554667,
            40.804390313714016
          ],
          [
            -73.96330423208765,
            40.804416924201185
          ],
          [
            -73.96336741867914,
            40.80444353465361
          ],
          [
            -73.96343060532116,
            40.80447014507126
          ],
          [
            -73.9634937920137,
            40.80449675545418
          ],
          [
            -73.96355697875677,
            40.80452336580233
          ],
          [
            -73.96362016555034,
            40.804549976115744
          ],
          [
            -73.96368335239445,
            40.80457658639443
          ],
          [
            -73.96374653928908,
            40.80460319663835
          ],
          [
            -73.96380972623425,
            40.804629806847544
          ],
          [
            -73.9638729132299,
            40.80465641702198
          ],
          [
            -73.96393610027611,
            40.80468302716162
          ],
          [
            -73.96399928737281,
            40.80470963726658
          ],
          [
            -73.96406247452005,
            40.804736247336784
          ],
          [
            -73.9641256617178,
            40.8047628573722
          ],
          [
            -73.96418884896609,
            40.80478946737291
          ],
          [
            -73.96425203626488,
            40.80481607733884
          ],
          [
            -73.96431522361421,
            40.80484268727004
          ],
          [
            -73.96437841101405,
            40.804869297166505
          ],
          [
            -73.96444159846442,
            40.80489590702817
          ],
          [
            -73.96450478596532,
            40.80492251685515
          ],
          [
            -73.96456797351675,
            40.80494912664735
          ],
          [
            -73.96463116111866,
            40.80497573640479
          ],
          [
            -73.96469434877112,
            40.80500234612752
          ],
          [
            -73.96475753647411,
            40.80502895581549
          ],
          [
            -73.96482072422758,
            40.805055565468685
          ],
          [
            -73.9648839120316,
            40.80508217508717
          ],
          [
            -73.96494709988615,
            40.80510878467087
          ],
          [
            -73.9650102877912,
            40.805135394219846
          ],
          [
            -73.96507347574679,
            40.80516200373409
          ],
          [
            -73.96513666375289,
            40.80518861321356
          ],
          [
            -73.96519985180952,
            40.80521522265829
          ],
          [
            -73.96526303991666,
            40.80524183206824
          ],
          [
            -73.96532622807433,
            40.8052684414435
          ],
          [
            -73.96538941628253,
            40.80529505078397
          ],
          [
            -73.96545260454124,
            40.80532166008968
          ],
          [
            -73.9655157928505,
            40.805348269360664
          ],
          [
            -73.96557898121024,
            40.805374878596915
          ],
          [
            -73.96564216962051,
            40.805401487798406
          ],
          [
            -73.96570535808134,
            40.80542809696514
          ]
        ]
      }
    },
    {
      "type": "Feature",
      "properties": {
        "street_id": 39,
        "segment_count": 1,
        "valid_slope_segment_count": 1,
        "mean_abs_slope_pct": 9.37,
        "max_segment_slope_pct": 9.37,
        "slope_variation_range_pct": 0.0,
        "longest_continuous_steep_uphill_ft": 20.0,
        "continuous_steep_uphill_ratio_pct": 100.0,
        "landing_like_coverage_ratio_pct": 0.0,
        "mean_landing_distance_ft": 532.61,
        "max_landing_distance_ft": 532.61,
        "unreachable_segment_count": 0
      },
      "geometry": {
        "type": "LineString",
        "coordinates": [
          [
            -73.96688448717364,
            40.807556270693595
          ],
          [
            -73.96694891779735,
            40.807581103611945
          ]
        ]
      }
    },
    {
      "type": "Feature",
      "properties": {
        "street_id": 40,
        "segment_count": 13,
        "valid_slope_segment_count": 13,
        "mean_abs_slope_pct": 6.12,
        "max_segment_slope_pct": 9.45,
        "slope_variation_range_pct": 6.85,
        "longest_continuous_steep_uphill_ft": 40.0,
        "continuous_steep_uphill_ratio_pct": 15.38,
        "landing_like_coverage_ratio_pct": 0.0,
        "mean_landing_distance_ft": 450.0,
        "max_landing_distance_ft": 570.0,
        "unreachable_segment_count": 0
      },
      "geometry": {
        "type": "LineString",
        "coordinates": [
          [
            -73.96713794758016,
            40.80684348041146
          ],
          [
            -73.9671191036108,
            40.80689647463311
          ],
          [
            -73.96710025961141,
            40.80694946885122
          ],
          [
            -73.96708141558204,
            40.8070024630658
          ],
          [
            -73.96706257152266,
            40.80705545727685
          ],
          [
            -73.96704372743328,
            40.807108451484346
          ],
          [
            -73.96702488331388,
            40.80716144568834
          ],
          [
            -73.96700603916449,
            40.80721443988878
          ],
          [
            -73.96698719498508,
            40.807267434085674
          ],
          [
            -73.96696835077566,
            40.80732042827907
          ],
          [
            -73.96694950653624,
            40.80737342246892
          ],
          [
            -73.9669306622668,
            40.80742641665525
          ],
          [
            -73.96691181796736,
            40.80747941083804
          ],
          [
            -73.96689297363791,
            40.80753240501726
          ]
        ]
      }
    },
    {
      "type": "Feature",
      "properties": {
        "street_id": 41,
        "segment_count": 13,
        "valid_slope_segment_count": 13,
        "mean_abs_slope_pct": 6.16,
        "max_segment_slope_pct": 8.9,
        "slope_variation_range_pct": 5.25,
        "longest_continuous_steep_uphill_ft": 20.0,
        "continuous_steep_uphill_ratio_pct": 7.69,
        "landing_like_coverage_ratio_pct": 0.0,
        "mean_landing_distance_ft": null,
        "max_landing_distance_ft": null,
        "unreachable_segment_count": 13
      },
      "geometry": {
        "type": "LineString",
        "coordinates": [
          [
            -73.96737327345734,
            40.80612694818589
          ],
          [
            -73.96735578144558,
            40.806180209305026
          ],
          [
            -73.96733828940582,
            40.80623347042105
          ],
          [
            -73.96732079733806,
            40.806286731533945
          ],
          [
            -73.96730330524231,
            40.80633999264375
          ],
          [
            -73.96728581311855,
            40.80639325375044
          ],
          [
            -73.96726832096681,
            40.806446514854
          ],
          [
            -73.96725082878709,
            40.80649977595447
          ],
          [
            -73.96723333657934,
            40.80655303705184
          ],
          [
            -73.96721584434363,
            40.80660629814606
          ],
          [
            -73.9671983520799,
            40.8066595592372
          ],
          [
            -73.9671808597882,
            40.80671282032524
          ],
          [
            -73.9671633674685,
            40.80676608141015
          ],
          [
            -73.96714587512078,
            40.80681934249197
          ]
        ]
      }
    },
    {
      "type": "Feature",
      "properties": {
        "street_id": 42,
        "segment_count": 13,
        "valid_slope_segment_count": 13,
        "mean_abs_slope_pct": 5.57,
        "max_segment_slope_pct": 9.25,
        "slope_variation_range_pct": 7.12,
        "longest_continuous_steep_uphill_ft": 20.0,
        "continuous_steep_uphill_ratio_pct": 7.69,
        "landing_like_coverage_ratio_pct": 0.0,
        "mean_landing_distance_ft": 191.33,
        "max_landing_distance_ft": 311.33,
        "unreachable_segment_count": 0
      },
      "geometry": {
        "type": "LineString",
        "coordinates": [
          [
            -73.96772418518499,
            40.80545338276928
          ],
          [
            -73.96768819101995,
            40.80550097859814
          ],
          [
            -73.96765341691687,
            40.80554909528829
          ],
          [
            -73.96762036506829,
            40.80559790781212
          ],
          [
            -73.96758892686937,
            40.8056473319743
          ],
          [
            -73.967558729651,
            40.8056972009147
          ],
          [
            -73.96753071223941,
            40.8057477991265
          ],
          [
            -73.96750342777285,
            40.80579862808052
          ],
          [
            -73.96747890679822,
            40.80585026374963
          ],
          [
            -73.96745458730507,
            40.805901954410636
          ],
          [
            -73.96743362897912,
            40.805954488143534
          ],
          [
            -73.96741267062009,
            40.80600702187214
          ],
          [
            -73.96739497702028,
            40.80606024452701
          ],
          [
            -73.96737763791019,
            40.80611353450203
          ]
        ]
      }
    },
    {
      "type": "Feature",
      "properties": {
        "street_id": 43,
        "segment_count": 14,
        "valid_slope_segment_count": 14,
        "mean_abs_slope_pct": 2.24,
        "max_segment_slope_pct": 7.45,
        "slope_variation_range_pct": 7.17,
        "longest_continuous_steep_uphill_ft": 0.0,
        "continuous_steep_uphill_ratio_pct": 0.0,
        "landing_like_coverage_ratio_pct": 50.0,
        "mean_landing_distance_ft": 10.71,
        "max_landing_distance_ft": 50.0,
        "unreachable_segment_count": 0
      },
      "geometry": {
        "type": "LineString",
        "coordinates": [
          [
            -73.96801424745672,
            40.80472362253299
          ],
          [
            -73.96797479806675,
            40.804769609872864
          ],
          [
            -73.96793534862229,
            40.804815597198875
          ],
          [
            -73.96792047704916,
            40.80486931598283
          ],
          [
            -73.96790996921926,
            40.80492362669473
          ],
          [
            -73.9678994613722,
            40.804977937405255
          ],
          [
            -73.96788889483555,
            40.80503224154122
          ],
          [
            -73.96787661006643,
            40.805086336538956
          ],
          [
            -73.96786432527735,
            40.80514043153488
          ],
          [
            -73.96785204046829,
            40.80519452652905
          ],
          [
            -73.96783766455869,
            40.805248323175256
          ],
          [
            -73.96781733005717,
            40.8053009982338
          ],
          [
            -73.9677919917366,
            40.805352405508444
          ],
          [
            -73.96776178597405,
            40.805402271416675
          ],
          [
            -73.96772653573696,
            40.80545018762918
          ]
        ]
      }
    },
    {
      "type": "Feature",
      "properties": {
        "street_id": 44,
        "segment_count": 1,
        "valid_slope_segment_count": 1,
        "mean_abs_slope_pct": 5.92,
        "max_segment_slope_pct": 5.92,
        "slope_variation_range_pct": 0.0,
        "longest_continuous_steep_uphill_ft": 0.0,
        "continuous_steep_uphill_ratio_pct": 0.0,
        "landing_like_coverage_ratio_pct": 0.0,
        "mean_landing_distance_ft": null,
        "max_landing_distance_ft": null,
        "unreachable_segment_count": 1
      },
      "geometry": {
        "type": "LineString",
        "coordinates": [
          [
            -73.96810623657093,
            40.804647839785574
          ],
          [
            -73.96805029736402,
            40.80468257631062
          ]
        ]
      }
    },
    {
      "type": "Feature",
      "properties": {
        "street_id": 45,
        "segment_count": 20,
        "valid_slope_segment_count": 20,
        "mean_abs_slope_pct": 2.22,
        "max_segment_slope_pct": 6.15,
        "slope_variation_range_pct": 5.81,
        "longest_continuous_steep_uphill_ft": 0.0,
        "continuous_steep_uphill_ratio_pct": 0.0,
        "landing_like_coverage_ratio_pct": 60.0,
        "mean_landing_distance_ft": 5.0,
        "max_landing_distance_ft": 30.0,
        "unreachable_segment_count": 0
      },
      "geometry": {
        "type": "LineString",
        "coordinates": [
          [
            -73.9667010775954,
            40.80416846501505
          ],
          [
            -73.96676560842499,
            40.80419314231038
          ],
          [
            -73.9668295211846,
            40.80421873154725
          ],
          [
            -73.96689252985286,
            40.804245584237066
          ],
          [
            -73.96695553857195,
            40.80427243689232
          ],
          [
            -73.96701854734191,
            40.804299289513
          ],
          [
            -73.96708155616265,
            40.80432614209918
          ],
          [
            -73.96714456503429,
            40.80435299465077
          ],
          [
            -73.96720757395671,
            40.80437984716781
          ],
          [
            -73.96727058293003,
            40.80440669965028
          ],
          [
            -73.96733359195413,
            40.80443355209823
          ],
          [
            -73.96739660102911,
            40.804460404511595
          ],
          [
            -73.9674596101549,
            40.8044872568904
          ],
          [
            -73.96752261933155,
            40.804514109234695
          ],
          [
            -73.96758562855902,
            40.8045409615444
          ],
          [
            -73.96764863783734,
            40.80456781381957
          ],
          [
            -73.96771164716651,
            40.80459466606014
          ],
          [
            -73.96777465654648,
            40.804621518266195
          ],
          [
            -73.96783766597731,
            40.8046483704377
          ],
          [
            -73.96790067545899,
            40.80467522257466
          ],
          [
            -73.9679636849273,
            40.804702074763995
          ]
        ]
      }
    },
    {
      "type": "Feature",
      "properties": {
        "street_id": 46,
        "segment_count": 44,
        "valid_slope_segment_count": 44,
        "mean_abs_slope_pct": 2.68,
        "max_segment_slope_pct": 6.15,
        "slope_variation_range_pct": 6.1,
        "longest_continuous_steep_uphill_ft": 0.0,
        "continuous_steep_uphill_ratio_pct": 0.0,
        "landing_like_coverage_ratio_pct": 34.09,
        "mean_landing_distance_ft": 16.14,
        "max_landing_distance_ft": 90.0,
        "unreachable_segment_count": 0
      },
      "geometry": {
        "type": "LineString",
        "coordinates": [
          [
            -73.96386126617682,
            40.802972024194375
          ],
          [
            -73.96392447086498,
            40.802998607943174
          ],
          [
            -73.96398767560362,
            40.80302519165719
          ],
          [
            -73.96405088039273,
            40.803051775336435
          ],
          [
            -73.96411408523235,
            40.80307835898092
          ],
          [
            -73.96417729012246,
            40.80310494259063
          ],
          [
            -73.96424049506302,
            40.803131526165615
          ],
          [
            -73.96430370005409,
            40.80315810970576
          ],
          [
            -73.96436690509564,
            40.80318469321119
          ],
          [
            -73.96443011018766,
            40.80321127668185
          ],
          [
            -73.96449331533019,
            40.80323786011772
          ],
          [
            -73.9645565205232,
            40.803264443518856
          ],
          [
            -73.96461972576668,
            40.80329102688517
          ],
          [
            -73.96468293106065,
            40.80331761021674
          ],
          [
            -73.96474613640511,
            40.80334419351359
          ],
          [
            -73.96480934180003,
            40.803370776775594
          ],
          [
            -73.96487254724546,
            40.803397360002876
          ],
          [
            -73.96493575274137,
            40.80342394319538
          ],
          [
            -73.9649989582878,
            40.80345052635313
          ],
          [
            -73.96506216388464,
            40.803477109476106
          ],
          [
            -73.965125369532,
            40.80350369256433
          ],
          [
            -73.96518857522985,
            40.803530275617746
          ],
          [
            -73.96525178097818,
            40.803556858636405
          ],
          [
            -73.96531498677699,
            40.8035834416203
          ],
          [
            -73.96537819262629,
            40.803610024569444
          ],
          [
            -73.96544139852607,
            40.803636607483796
          ],
          [
            -73.96550460447634,
            40.803663190363416
          ],
          [
            -73.9655678104771,
            40.803689773208234
          ],
          [
            -73.96563101652832,
            40.80371635601829
          ],
          [
            -73.96569422263003,
            40.80374293879358
          ],
          [
            -73.96575742878225,
            40.80376952153413
          ],
          [
            -73.96582063498494,
            40.80379610423987
          ],
          [
            -73.96588384123811,
            40.80382268691084
          ],
          [
            -73.96594704754177,
            40.80384926954708
          ],
          [
            -73.96601025389592,
            40.80387585214852
          ],
          [
            -73.96607346030054,
            40.80390243471521
          ],
          [
            -73.96613666675565,
            40.803929017247135
          ],
          [
            -73.96619987326125,
            40.80395559974426
          ],
          [
            -73.96626307981732,
            40.80398218220664
          ],
          [
            -73.96632628642388,
            40.80400876463422
          ],
          [
            -73.96638949308095,
            40.80403534702709
          ],
          [
            -73.96645269978846,
            40.80406192938515
          ],
          [
            -73.96651590654648,
            40.80408851170847
          ],
          [
            -73.96657911335498,
            40.80411509399698
          ],
          [
            -73.96664181702033,
            40.804142355673974
          ]
        ]
      }
    },
    {
      "type": "Feature",
      "properties": {
        "street_id": 47,
        "segment_count": 44,
        "valid_slope_segment_count": 44,
        "mean_abs_slope_pct": 12.46,
        "max_segment_slope_pct": 17.4,
        "slope_variation_range_pct": 16.22,
        "longest_continuous_steep_uphill_ft": 780.0,
        "continuous_steep_uphill_ratio_pct": 88.64,
        "landing_like_coverage_ratio_pct": 2.27,
        "mean_landing_distance_ft": 420.23,
        "max_landing_distance_ft": 850.0,
        "unreachable_segment_count": 0
      },
      "geometry": {
        "type": "LineString",
        "coordinates": [
          [
            -73.96107793664463,
            40.801800341037186
          ],
          [
            -73.96114112688198,
            40.8018269430947
          ],
          [
            -73.9612043171698,
            40.80185354511749
          ],
          [
            -73.96126750750817,
            40.80188014710549
          ],
          [
            -73.96133069789701,
            40.801906749058766
          ],
          [
            -73.96139388833637,
            40.80193335097728
          ],
          [
            -73.96145707882621,
            40.80195995286107
          ],
          [
            -73.9615202693666,
            40.801986554710076
          ],
          [
            -73.96158345995748,
            40.80201315652434
          ],
          [
            -73.96164665059887,
            40.802039758303856
          ],
          [
            -73.96170984129076,
            40.80206636004862
          ],
          [
            -73.96177303203315,
            40.80209296175861
          ],
          [
            -73.96183622282607,
            40.80211956343386
          ],
          [
            -73.96189941366946,
            40.80214616507437
          ],
          [
            -73.96196260456338,
            40.80217276668013
          ],
          [
            -73.96202579550781,
            40.802199368251124
          ],
          [
            -73.96208898650275,
            40.80222596978739
          ],
          [
            -73.96215217754819,
            40.802252571288896
          ],
          [
            -73.96221536864414,
            40.802279172755604
          ],
          [
            -73.96227855979058,
            40.8023057741876
          ],
          [
            -73.96234175098755,
            40.80233237558485
          ],
          [
            -73.96240494223503,
            40.8023589769473
          ],
          [
            -73.96246813353298,
            40.80238557827506
          ],
          [
            -73.96253132488145,
            40.802412179568016
          ],
          [
            -73.96259451628046,
            40.80243878082625
          ],
          [
            -73.96265770772993,
            40.80246538204974
          ],
          [
            -73.96272089922994,
            40.802491983238454
          ],
          [
            -73.96278409078045,
            40.802518584392416
          ],
          [
            -73.96284728238146,
            40.80254518551164
          ],
          [
            -73.96291047403297,
            40.802571786596104
          ],
          [
            -73.962973665735,
            40.80259838764582
          ],
          [
            -73.96303685748752,
            40.80262498866076
          ],
          [
            -73.96310004929057,
            40.80265158964098
          ],
          [
            -73.96316324114412,
            40.80267819058643
          ],
          [
            -73.96322643304816,
            40.80270479149711
          ],
          [
            -73.96328962500273,
            40.80273139237307
          ],
          [
            -73.9633528170078,
            40.80275799321424
          ],
          [
            -73.96341600906338,
            40.80278459402067
          ],
          [
            -73.96347920116945,
            40.802811194792376
          ],
          [
            -73.96354239332602,
            40.8028377955293
          ],
          [
            -73.96360558553312,
            40.80286439623147
          ],
          [
            -73.96366877779072,
            40.802890996898896
          ],
          [
            -73.96373197009882,
            40.80291759753156
          ],
          [
            -73.96379516245743,
            40.802944198129495
          ],
          [
            -73.96385835486655,
            40.80297079869265
          ]
        ]
      }
    },
    {
      "type": "Feature",
      "properties": {
        "street_id": 48,
        "segment_count": 1,
        "valid_slope_segment_count": 1,
        "mean_abs_slope_pct": 0.37,
        "max_segment_slope_pct": 0.37,
        "slope_variation_range_pct": 0.0,
        "longest_continuous_steep_uphill_ft": 0.0,
        "continuous_steep_uphill_ratio_pct": 0.0,
        "landing_like_coverage_ratio_pct": 100.0,
        "mean_landing_distance_ft": 0.0,
        "max_landing_distance_ft": 0.0,
        "unreachable_segment_count": 0
      },
      "geometry": {
        "type": "LineString",
        "coordinates": [
          [
            -73.95816832063237,
            40.803194830767424
          ],
          [
            -73.95820316800088,
            40.80314674518866
          ]
        ]
      }
    },
    {
      "type": "Feature",
      "properties": {
        "street_id": 49,
        "segment_count": 26,
        "valid_slope_segment_count": 26,
        "mean_abs_slope_pct": 5.55,
        "max_segment_slope_pct": 11.69,
        "slope_variation_range_pct": 11.65,
        "longest_continuous_steep_uphill_ft": 160.0,
        "continuous_steep_uphill_ratio_pct": 30.77,
        "landing_like_coverage_ratio_pct": 30.77,
        "mean_landing_distance_ft": 99.23,
        "max_landing_distance_ft": 310.0,
        "unreachable_segment_count": 0
      },
      "geometry": {
        "type": "LineString",
        "coordinates": [
          [
            -73.95823619164165,
            40.80310117608165
          ],
          [
            -73.95827103841562,
            40.80305309027387
          ],
          [
            -73.95830588513925,
            40.80300500445517
          ],
          [
            -73.95834073181254,
            40.80295691862561
          ],
          [
            -73.9583755784355,
            40.80290883278513
          ],
          [
            -73.95841042500807,
            40.80286074693375
          ],
          [
            -73.95844527153031,
            40.80281266107145
          ],
          [
            -73.95848011800223,
            40.802764575198246
          ],
          [
            -73.95851496442377,
            40.802716489314165
          ],
          [
            -73.95854981079499,
            40.802668403419176
          ],
          [
            -73.95858465711585,
            40.802620317513245
          ],
          [
            -73.95861950338636,
            40.802572231596486
          ],
          [
            -73.95865434960653,
            40.80252414566875
          ],
          [
            -73.95868919577636,
            40.80247605973016
          ],
          [
            -73.95872404189583,
            40.80242797378066
          ],
          [
            -73.95875888796499,
            40.80237988782022
          ],
          [
            -73.95879373398377,
            40.802331801848915
          ],
          [
            -73.95882857995221,
            40.80228371586671
          ],
          [
            -73.9588634258703,
            40.8022356298736
          ],
          [
            -73.95889827173806,
            40.802187543869564
          ],
          [
            -73.95893311755547,
            40.80213945785467
          ],
          [
            -73.95896796332252,
            40.802091371828844
          ],
          [
            -73.95900280903928,
            40.8020432857921
          ],
          [
            -73.95903765470563,
            40.801995199744475
          ],
          [
            -73.95907250032164,
            40.80194711368594
          ],
          [
            -73.95910734588735,
            40.801899027616535
          ],
          [
            -73.95914219140268,
            40.80185094153621
          ]
        ]
      }
    },
    {
      "type": "Feature",
      "properties": {
        "street_id": 51,
        "segment_count": 15,
        "valid_slope_segment_count": 15,
        "mean_abs_slope_pct": 7.45,
        "max_segment_slope_pct": 16.53,
        "slope_variation_range_pct": 15.75,
        "longest_continuous_steep_uphill_ft": 60.0,
        "continuous_steep_uphill_ratio_pct": 20.0,
        "landing_like_coverage_ratio_pct": 6.67,
        "mean_landing_distance_ft": 130.67,
        "max_landing_distance_ft": 270.0,
        "unreachable_segment_count": 0
      },
      "geometry": {
        "type": "LineString",
        "coordinates": [
          [
            -73.95682706508394,
            40.812611535644976
          ],
          [
            -73.95679201448365,
            40.81265953788492
          ],
          [
            -73.95675696392284,
            40.81270754015183
          ],
          [
            -73.95672191344784,
            40.81275554246515
          ],
          [
            -73.95668686292228,
            40.81280354476747
          ],
          [
            -73.95665181234615,
            40.81285154705879
          ],
          [
            -73.95661676171945,
            40.81289954933901
          ],
          [
            -73.95658171092299,
            40.81294755155797
          ],
          [
            -73.95654666006122,
            40.81299555375969
          ],
          [
            -73.95651160928392,
            40.813043556007315
          ],
          [
            -73.95647655845606,
            40.81309155824388
          ],
          [
            -73.95644150757764,
            40.813139560469416
          ],
          [
            -73.95640645664865,
            40.81318756268396
          ],
          [
            -73.9563714056691,
            40.813235564887435
          ],
          [
            -73.956336354639,
            40.813283567079914
          ],
          [
            -73.95630130355832,
            40.81333156926132
          ]
        ]
      }
    },
    {
      "type": "Feature",
      "properties": {
        "street_id": 52,
        "segment_count": 28,
        "valid_slope_segment_count": 28,
        "mean_abs_slope_pct": 16.79,
        "max_segment_slope_pct": 21.44,
        "slope_variation_range_pct": 8.78,
        "longest_continuous_steep_uphill_ft": 560.0,
        "continuous_steep_uphill_ratio_pct": 100.0,
        "landing_like_coverage_ratio_pct": 0.0,
        "mean_landing_distance_ft": 260.36,
        "max_landing_distance_ft": 430.17,
        "unreachable_segment_count": 0
      },
      "geometry": {
        "type": "LineString",
        "coordinates": [
          [
            -73.95780889098465,
            40.81126477911368
          ],
          [
            -73.9577738836677,
            40.811312799295386
          ],
          [
            -73.9577388763002,
            40.81136081946611
          ],
          [
            -73.95770386888222,
            40.811408839625784
          ],
          [
            -73.9576688614137,
            40.81145685977451
          ],
          [
            -73.95763385389466,
            40.81150487991219
          ],
          [
            -73.95759884632513,
            40.81155290003891
          ],
          [
            -73.95756383870506,
            40.81160092015459
          ],
          [
            -73.9575288310345,
            40.811648940259275
          ],
          [
            -73.95749382331337,
            40.811696960352975
          ],
          [
            -73.95745881544106,
            40.81174498039327
          ],
          [
            -73.95742380706132,
            40.81179300023029
          ],
          [
            -73.95738879904724,
            40.811841020231405
          ],
          [
            -73.95735379179342,
            40.8118890405628
          ],
          [
            -73.95731878414487,
            40.811937060738295
          ],
          [
            -73.95728377540827,
            40.81198508046612
          ],
          [
            -73.95724876662115,
            40.81203310018296
          ],
          [
            -73.95721375851402,
            40.81208112019623
          ],
          [
            -73.95717875117195,
            40.812129140541735
          ],
          [
            -73.9571437429208,
            40.81217716051489
          ],
          [
            -73.95710873442916,
            40.8122251803971
          ],
          [
            -73.9570737257707,
            40.81227320021937
          ],
          [
            -73.9570387172832,
            40.812321220123856
          ],
          [
            -73.95700370903647,
            40.81236924013992
          ],
          [
            -73.95696870054425,
            40.81241726006289
          ],
          [
            -73.95693369200151,
            40.812465279974916
          ],
          [
            -73.95689868340824,
            40.81251329987588
          ],
          [
            -73.95686367476448,
            40.81256131976586
          ],
          [
            -73.95682866607017,
            40.81260933964485
          ]
        ]
      }
    },
    {
      "type": "Feature",
      "properties": {
        "street_id": 53,
        "segment_count": 13,
        "valid_slope_segment_count": 13,
        "mean_abs_slope_pct": 18.76,
        "max_segment_slope_pct": 22.07,
        "slope_variation_range_pct": 5.63,
        "longest_continuous_steep_uphill_ft": 260.0,
        "continuous_steep_uphill_ratio_pct": 100.0,
        "landing_like_coverage_ratio_pct": 0.0,
        "mean_landing_distance_ft": null,
        "max_landing_distance_ft": null,
        "unreachable_segment_count": 13
      },
      "geometry": {
        "type": "LineString",
        "coordinates": [
          [
            -73.95827292042325,
            40.810628048117536
          ],
          [
            -73.95823792243017,
            40.81067607208659
          ],
          [
            -73.9582029243866,
            40.8107240960446
          ],
          [
            -73.95816792629252,
            40.81077211999158
          ],
          [
            -73.95813292814792,
            40.81082014392766
          ],
          [
            -73.95809792995283,
            40.81086816785268
          ],
          [
            -73.95806293170722,
            40.810916191766715
          ],
          [
            -73.95802793341112,
            40.81096421566976
          ],
          [
            -73.95799293506451,
            40.81101223956178
          ],
          [
            -73.95795793666737,
            40.81106026344283
          ],
          [
            -73.95792293821974,
            40.81110828731287
          ],
          [
            -73.95788793972159,
            40.811156311171914
          ],
          [
            -73.95785294117294,
            40.81120433501998
          ],
          [
            -73.9578179425738,
            40.81125235885701
          ]
        ]
      }
    },
    {
      "type": "Feature",
      "properties": {
        "street_id": 54,
        "segment_count": 12,
        "valid_slope_segment_count": 12,
        "mean_abs_slope_pct": 18.95,
        "max_segment_slope_pct": 20.69,
        "slope_variation_range_pct": 5.06,
        "longest_continuous_steep_uphill_ft": 240.0,
        "continuous_steep_uphill_ratio_pct": 100.0,
        "landing_like_coverage_ratio_pct": 0.0,
        "mean_landing_distance_ft": 400.0,
        "max_landing_distance_ft": 510.0,
        "unreachable_segment_count": 0
      },
      "geometry": {
        "type": "LineString",
        "coordinates": [
          [
            -73.95872687055274,
            40.81000851833024
          ],
          [
            -73.95869172717615,
            40.81005648083577
          ],
          [
            -73.95865658374889,
            40.81010444333021
          ],
          [
            -73.95862144027097,
            40.81015240581354
          ],
          [
            -73.95858629674241,
            40.81020036828582
          ],
          [
            -73.95855115316321,
            40.810248330747
          ],
          [
            -73.95851600953335,
            40.810296293197105
          ],
          [
            -73.95848086585285,
            40.810344255636124
          ],
          [
            -73.9584457221217,
            40.81039221806404
          ],
          [
            -73.95841057833987,
            40.81044018048092
          ],
          [
            -73.9583754345074,
            40.810488142886655
          ],
          [
            -73.95834029062428,
            40.81053610528131
          ],
          [
            -73.95830514669052,
            40.810584067664905
          ]
        ]
      }
    },
    {
      "type": "Feature",
      "properties": {
        "street_id": 55,
        "segment_count": 13,
        "valid_slope_segment_count": 13,
        "mean_abs_slope_pct": 18.54,
        "max_segment_slope_pct": 20.31,
        "slope_variation_range_pct": 4.86,
        "longest_continuous_steep_uphill_ft": 260.0,
        "continuous_steep_uphill_ratio_pct": 100.0,
        "landing_like_coverage_ratio_pct": 0.0,
        "mean_landing_distance_ft": 899.25,
        "max_landing_distance_ft": 1019.25,
        "unreachable_segment_count": 0
      },
      "geometry": {
        "type": "LineString",
        "coordinates": [
          [
            -73.95921745651412,
            40.80934030694095
          ],
          [
            -73.9591822603916,
            40.809388246968304
          ],
          [
            -73.95914706421839,
            40.80943618698447
          ],
          [
            -73.95911186799445,
            40.80948412698955
          ],
          [
            -73.95907667171983,
            40.8095320669835
          ],
          [
            -73.9590414753945,
            40.809580006966364
          ],
          [
            -73.95900627901847,
            40.8096279469381
          ],
          [
            -73.95897108259173,
            40.80967588689872
          ],
          [
            -73.95893588611429,
            40.8097238268482
          ],
          [
            -73.95890068958616,
            40.80977176678654
          ],
          [
            -73.95886549300731,
            40.80981970671382
          ],
          [
            -73.95883029637776,
            40.80986764662996
          ],
          [
            -73.95879509969751,
            40.809915586535
          ],
          [
            -73.95875990296656,
            40.80996352642891
          ]
        ]
      }
    },
    {
      "type": "Feature",
      "properties": {
        "street_id": 56,
        "segment_count": 12,
        "valid_slope_segment_count": 12,
        "mean_abs_slope_pct": 17.7,
        "max_segment_slope_pct": 19.88,
        "slope_variation_range_pct": 5.0,
        "longest_continuous_steep_uphill_ft": 240.0,
        "continuous_steep_uphill_ratio_pct": 100.0,
        "landing_like_coverage_ratio_pct": 0.0,
        "mean_landing_distance_ft": 644.56,
        "max_landing_distance_ft": 754.56,
        "unreachable_segment_count": 0
      },
      "geometry": {
        "type": "LineString",
        "coordinates": [
          [
            -73.95964829882126,
            40.808753891011925
          ],
          [
            -73.95961308348602,
            40.80880182276603
          ],
          [
            -73.9595778681001,
            40.808849754509026
          ],
          [
            -73.95954265266342,
            40.80889768624088
          ],
          [
            -73.95950743717603,
            40.80894561796163
          ],
          [
            -73.95947222163792,
            40.80899354967123
          ],
          [
            -73.9594370060491,
            40.80904148136972
          ],
          [
            -73.95940179040956,
            40.809089413057066
          ],
          [
            -73.95936657471928,
            40.80913734473328
          ],
          [
            -73.95933135897829,
            40.80918527639837
          ],
          [
            -73.95929614318656,
            40.80923320805237
          ],
          [
            -73.95926092734415,
            40.809281139695194
          ],
          [
            -73.95922571145098,
            40.809329071326914
          ]
        ]
      }
    },
    {
      "type": "Feature",
      "properties": {
        "street_id": 57,
        "segment_count": 13,
        "valid_slope_segment_count": 13,
        "mean_abs_slope_pct": 15.32,
        "max_segment_slope_pct": 20.66,
        "slope_variation_range_pct": 7.97,
        "longest_continuous_steep_uphill_ft": 260.0,
        "continuous_steep_uphill_ratio_pct": 100.0,
        "landing_like_coverage_ratio_pct": 0.0,
        "mean_landing_distance_ft": 391.21,
        "max_landing_distance_ft": 511.21,
        "unreachable_segment_count": 0
      },
      "geometry": {
        "type": "LineString",
        "coordinates": [
          [
            -73.9601056854199,
            40.808120089299464
          ],
          [
            -73.96007095004187,
            40.808168222686064
          ],
          [
            -73.96003621461355,
            40.80821635606183
          ],
          [
            -73.96000147913503,
            40.80826448942673
          ],
          [
            -73.95996674360626,
            40.80831262278079
          ],
          [
            -73.95993200802725,
            40.80836075612405
          ],
          [
            -73.95989727239798,
            40.80840888945645
          ],
          [
            -73.9598625367185,
            40.808457022778015
          ],
          [
            -73.95982780098878,
            40.80850515608874
          ],
          [
            -73.9597930652088,
            40.808553289388584
          ],
          [
            -73.95975832937859,
            40.80860142267766
          ],
          [
            -73.95972359349814,
            40.808649555955846
          ],
          [
            -73.95968885756746,
            40.80869768922319
          ],
          [
            -73.95965412158652,
            40.80874582247971
          ]
        ]
      }
    },
    {
      "type": "Feature",
      "properties": {
        "street_id": 58,
        "segment_count": 27,
        "valid_slope_segment_count": 27,
        "mean_abs_slope_pct": 7.98,
        "max_segment_slope_pct": 17.71,
        "slope_variation_range_pct": 17.52,
        "longest_continuous_steep_uphill_ft": 240.0,
        "continuous_steep_uphill_ratio_pct": 44.44,
        "landing_like_coverage_ratio_pct": 14.81,
        "mean_landing_distance_ft": 75.19,
        "max_landing_distance_ft": 250.0,
        "unreachable_segment_count": 0
      },
      "geometry": {
        "type": "LineString",
        "coordinates": [
          [
            -73.96105362241546,
            40.80682093793159
          ],
          [
            -73.96101859244347,
            40.8068689476243
          ],
          [
            -73.96098356242094,
            40.806916957306015
          ],
          [
            -73.9609485323479,
            40.80696496697671
          ],
          [
            -73.9609135022243,
            40.807012976636386
          ],
          [
            -73.9608784720502,
            40.807060986285045
          ],
          [
            -73.96084344182553,
            40.8071089959227
          ],
          [
            -73.96080841155033,
            40.80715700554932
          ],
          [
            -73.9607733812246,
            40.80720501516492
          ],
          [
            -73.96073835084835,
            40.80725302476954
          ],
          [
            -73.96070332042154,
            40.8073010343631
          ],
          [
            -73.96066828994421,
            40.8073490439457
          ],
          [
            -73.96063325941634,
            40.80739705351725
          ],
          [
            -73.96059822883794,
            40.807445063077765
          ],
          [
            -73.96056319820899,
            40.80749307262731
          ],
          [
            -73.96052816752952,
            40.8075410821658
          ],
          [
            -73.96049313682283,
            40.80758909170313
          ],
          [
            -73.96045810613188,
            40.80763710125736
          ],
          [
            -73.96042307539041,
            40.807685110800556
          ],
          [
            -73.9603880445984,
            40.80773312033275
          ],
          [
            -73.96035301375584,
            40.80778112985394
          ],
          [
            -73.96031798286275,
            40.807829139364095
          ],
          [
            -73.96028295191914,
            40.80787714886326
          ],
          [
            -73.96024792092499,
            40.807925158351395
          ],
          [
            -73.96021288988028,
            40.807973167828486
          ],
          [
            -73.96017785878504,
            40.80802117729459
          ],
          [
            -73.96014282763929,
            40.80806918674968
          ],
          [
            -73.96010779644298,
            40.80811719619373
          ]
        ]
      }
    },
    {
      "type": "Feature",
      "properties": {
        "street_id": 59,
        "segment_count": 14,
        "valid_slope_segment_count": 14,
        "mean_abs_slope_pct": 10.58,
        "max_segment_slope_pct": 14.28,
        "slope_variation_range_pct": 7.49,
        "longest_continuous_steep_uphill_ft": 260.0,
        "continuous_steep_uphill_ratio_pct": 92.86,
        "landing_like_coverage_ratio_pct": 0.0,
        "mean_landing_distance_ft": 142.38,
        "max_landing_distance_ft": 210.0,
        "unreachable_segment_count": 0
      },
      "geometry": {
        "type": "LineString",
        "coordinates": [
          [
            -73.96154857990413,
            40.806135778463556
          ],
          [
            -73.96151381733853,
            40.8061839001003
          ],
          [
            -73.96147905472266,
            40.80623202172619
          ],
          [
            -73.96144429205654,
            40.80628014334126
          ],
          [
            -73.96140952934013,
            40.806328264945414
          ],
          [
            -73.96137476657347,
            40.806376386538744
          ],
          [
            -73.96134000375652,
            40.80642450812123
          ],
          [
            -73.96130524088932,
            40.80647262969288
          ],
          [
            -73.96127047797187,
            40.80652075125365
          ],
          [
            -73.96123571500412,
            40.806568872803545
          ],
          [
            -73.96120095198613,
            40.806616994342626
          ],
          [
            -73.96116618891787,
            40.806665115870835
          ],
          [
            -73.96113142579937,
            40.80671323738819
          ],
          [
            -73.96109666263055,
            40.80676135889468
          ],
          [
            -73.96106189941148,
            40.80680948039032
          ]
        ]
      }
    },
    {
      "type": "Feature",
      "properties": {
        "street_id": 60,
        "segment_count": 13,
        "valid_slope_segment_count": 13,
        "mean_abs_slope_pct": 10.45,
        "max_segment_slope_pct": 12.65,
        "slope_variation_range_pct": 4.2,
        "longest_continuous_steep_uphill_ft": 260.0,
        "continuous_steep_uphill_ratio_pct": 100.0,
        "landing_like_coverage_ratio_pct": 0.0,
        "mean_landing_distance_ft": 112.95,
        "max_landing_distance_ft": 171.45,
        "unreachable_segment_count": 0
      },
      "geometry": {
        "type": "LineString",
        "coordinates": [
          [
            -73.96200828459703,
            40.805509254768246
          ],
          [
            -73.96197310497544,
            40.80555720095902
          ],
          [
            -73.96193792530316,
            40.80560514713869
          ],
          [
            -73.9619027455802,
            40.805653093307306
          ],
          [
            -73.96186756580656,
            40.80570103946478
          ],
          [
            -73.96183238598223,
            40.805748985611146
          ],
          [
            -73.96179720610722,
            40.80579693174643
          ],
          [
            -73.96176202618155,
            40.805844877870584
          ],
          [
            -73.96172684620515,
            40.805892823983655
          ],
          [
            -73.9616916661781,
            40.805940770085584
          ],
          [
            -73.96165648610037,
            40.80598871617644
          ],
          [
            -73.96162130597195,
            40.80603666225622
          ],
          [
            -73.96158612579282,
            40.80608460832484
          ],
          [
            -73.96155094556306,
            40.80613255438236
          ]
        ]
      }
    },
    {
      "type": "Feature",
      "properties": {
        "street_id": 61,
        "segment_count": 13,
        "valid_slope_segment_count": 13,
        "mean_abs_slope_pct": 1.93,
        "max_segment_slope_pct": 4.72,
        "slope_variation_range_pct": 4.67,
        "longest_continuous_steep_uphill_ft": 0.0,
        "continuous_steep_uphill_ratio_pct": 0.0,
        "landing_like_coverage_ratio_pct": 53.85,
        "mean_landing_distance_ft": 6.15,
        "max_landing_distance_ft": 30.0,
        "unreachable_segment_count": 0
      },
      "geometry": {
        "type": "LineString",
        "coordinates": [
          [
            -73.96247493558829,
            40.804885369907055
          ],
          [
            -73.96243923888258,
            40.804933094779905
          ],
          [
            -73.9624035421257,
            40.804980819641315
          ],
          [
            -73.96236784531764,
            40.80502854449131
          ],
          [
            -73.96233214845837,
            40.80507626932995
          ],
          [
            -73.96229645154791,
            40.80512399415706
          ],
          [
            -73.96226075458627,
            40.805171718972815
          ],
          [
            -73.96222505757345,
            40.80521944377716
          ],
          [
            -73.96218936050941,
            40.80526716857007
          ],
          [
            -73.96215366339419,
            40.80531489335159
          ],
          [
            -73.9621179662278,
            40.80536261812167
          ],
          [
            -73.96208226901018,
            40.805410342880315
          ],
          [
            -73.9620465717414,
            40.80545806762754
          ],
          [
            -73.96201087442142,
            40.80550579236339
          ]
        ]
      }
    },
    {
      "type": "Feature",
      "properties": {
        "street_id": 62,
        "segment_count": 13,
        "valid_slope_segment_count": 13,
        "mean_abs_slope_pct": 2.12,
        "max_segment_slope_pct": 4.29,
        "slope_variation_range_pct": 4.25,
        "longest_continuous_steep_uphill_ft": 0.0,
        "continuous_steep_uphill_ratio_pct": 0.0,
        "landing_like_coverage_ratio_pct": 46.15,
        "mean_landing_distance_ft": 8.46,
        "max_landing_distance_ft": 30.0,
        "unreachable_segment_count": 0
      },
      "geometry": {
        "type": "LineString",
        "coordinates": [
          [
            -73.96292511359962,
            40.80425726075708
          ],
          [
            -73.96289056176796,
            40.804305469552695
          ],
          [
            -73.96285600988625,
            40.80435367833759
          ],
          [
            -73.96282145795448,
            40.804401887111744
          ],
          [
            -73.96278690597268,
            40.804450095875154
          ],
          [
            -73.9627523539408,
            40.80449830462792
          ],
          [
            -73.9627178018589,
            40.80454651336988
          ],
          [
            -73.96268324972692,
            40.80459472210113
          ],
          [
            -73.9626486975449,
            40.80464293082163
          ],
          [
            -73.96261414531284,
            40.804691139531435
          ],
          [
            -73.96257959303072,
            40.804739348230505
          ],
          [
            -73.96254504069856,
            40.80478755691883
          ],
          [
            -73.96251048831635,
            40.80483576559642
          ],
          [
            -73.96247593588409,
            40.804883974263305
          ]
        ]
      }
    },
    {
      "type": "Feature",
      "properties": {
        "street_id": 63,
        "segment_count": 26,
        "valid_slope_segment_count": 26,
        "mean_abs_slope_pct": 8.36,
        "max_segment_slope_pct": 11.56,
        "slope_variation_range_pct": 7.86,
        "longest_continuous_steep_uphill_ft": 100.0,
        "continuous_steep_uphill_ratio_pct": 19.23,
        "landing_like_coverage_ratio_pct": 0.0,
        "mean_landing_distance_ft": 124.21,
        "max_landing_distance_ft": 278.2,
        "unreachable_segment_count": 0
      },
      "geometry": {
        "type": "LineString",
        "coordinates": [
          [
            -73.96386126617682,
            40.802972024194375
          ],
          [
            -73.96382632328432,
            40.80302006969215
          ],
          [
            -73.96379138034139,
            40.803068115179
          ],
          [
            -73.96375643734801,
            40.80311616065483
          ],
          [
            -73.96372149430417,
            40.80316420611975
          ],
          [
            -73.96368655120993,
            40.80321225157368
          ],
          [
            -73.96365160816099,
            40.80326029705689
          ],
          [
            -73.96361666508594,
            40.80330834253936
          ],
          [
            -73.96358172196047,
            40.80335638801087
          ],
          [
            -73.96354677878453,
            40.8034044334714
          ],
          [
            -73.96351183555817,
            40.803452478921024
          ],
          [
            -73.96347689228135,
            40.80350052435963
          ],
          [
            -73.9634419489541,
            40.803548569787274
          ],
          [
            -73.96340700557639,
            40.80359661520398
          ],
          [
            -73.96337203250197,
            40.80364464815278
          ],
          [
            -73.96333700625183,
            40.803692658733674
          ],
          [
            -73.96330197995117,
            40.80374066930354
          ],
          [
            -73.96326695359996,
            40.80378867986241
          ],
          [
            -73.96323192719824,
            40.80383669041023
          ],
          [
            -73.963196900746,
            40.80388470094705
          ],
          [
            -73.96316187433227,
            40.803932711510384
          ],
          [
            -73.96312684791899,
            40.80398072208417
          ],
          [
            -73.96309182145517,
            40.80402873264696
          ],
          [
            -73.96305679494081,
            40.80407674319873
          ],
          [
            -73.96302176837594,
            40.8041247537395
          ],
          [
            -73.96298674176053,
            40.804172764269225
          ],
          [
            -73.9629517150946,
            40.80422077478797
          ]
        ]
      }
    },
    {
      "type": "Feature",
      "properties": {
        "street_id": 64,
        "segment_count": 1,
        "valid_slope_segment_count": 1,
        "mean_abs_slope_pct": 4.69,
        "max_segment_slope_pct": 4.69,
        "slope_variation_range_pct": 0.0,
        "longest_continuous_steep_uphill_ft": 0.0,
        "continuous_steep_uphill_ratio_pct": 0.0,
        "landing_like_coverage_ratio_pct": 0.0,
        "mean_landing_distance_ft": null,
        "max_landing_distance_ft": null,
        "unreachable_segment_count": 1
      },
      "geometry": {
        "type": "LineString",
        "coordinates": [
          [
            -73.9639266880786,
            40.802882850980076
          ],
          [
            -73.96389151177948,
            40.80293079801051
          ]
        ]
      }
    },
    {
      "type": "Feature",
      "properties": {
        "street_id": 65,
        "segment_count": 23,
        "valid_slope_segment_count": 23,
        "mean_abs_slope_pct": 15.53,
        "max_segment_slope_pct": 35.54,
        "slope_variation_range_pct": 34.91,
        "longest_continuous_steep_uphill_ft": 220.0,
        "continuous_steep_uphill_ratio_pct": 47.83,
        "landing_like_coverage_ratio_pct": 13.04,
        "mean_landing_distance_ft": 89.57,
        "max_landing_distance_ft": 270.0,
        "unreachable_segment_count": 0
      },
      "geometry": {
        "type": "LineString",
        "coordinates": [
          [
            -73.95872687055274,
            40.81000851833024
          ],
          [
            -73.9586635207314,
            40.809982125594544
          ],
          [
            -73.95860017096031,
            40.809955732823944
          ],
          [
            -73.95853682123946,
            40.80992934001843
          ],
          [
            -73.95847347156885,
            40.80990294717799
          ],
          [
            -73.95841012194849,
            40.8098765543026
          ],
          [
            -73.95834677237836,
            40.8098501613923
          ],
          [
            -73.95828342285849,
            40.809823768447075
          ],
          [
            -73.95822007338884,
            40.80979737546694
          ],
          [
            -73.95815672396945,
            40.80977098245187
          ],
          [
            -73.95809337460028,
            40.80974458940189
          ],
          [
            -73.95803002528136,
            40.80971819631698
          ],
          [
            -73.95796667601269,
            40.80969180319716
          ],
          [
            -73.95790332679427,
            40.80966541004241
          ],
          [
            -73.95783997762608,
            40.809639016852756
          ],
          [
            -73.95777662850813,
            40.80961262362813
          ],
          [
            -73.95771327944043,
            40.80958623036862
          ],
          [
            -73.95764993042297,
            40.80955983707418
          ],
          [
            -73.95758658145576,
            40.80953344374483
          ],
          [
            -73.95752323253878,
            40.80950705038054
          ],
          [
            -73.95745988367204,
            40.80948065698134
          ],
          [
            -73.95739653485555,
            40.80945426354723
          ],
          [
            -73.95733318608931,
            40.80942787007817
          ],
          [
            -73.95726983737329,
            40.80940147657418
          ]
        ]
      }
    },
    {
      "type": "Feature",
      "properties": {
        "street_id": 66,
        "segment_count": 2,
        "valid_slope_segment_count": 2,
        "mean_abs_slope_pct": 6.69,
        "max_segment_slope_pct": 7.72,
        "slope_variation_range_pct": 2.06,
        "longest_continuous_steep_uphill_ft": 0.0,
        "continuous_steep_uphill_ratio_pct": 0.0,
        "landing_like_coverage_ratio_pct": 0.0,
        "mean_landing_distance_ft": 21.34,
        "max_landing_distance_ft": 31.34,
        "unreachable_segment_count": 0
      },
      "geometry": {
        "type": "LineString",
        "coordinates": [
          [
            -73.95667440921108,
            40.807491269461266
          ],
          [
            -73.9567377972727,
            40.80751760585327
          ],
          [
            -73.95680118538448,
            40.80754394221028
          ]
        ]
      }
    },
    {
      "type": "Feature",
      "properties": {
        "street_id": 67,
        "segment_count": 1,
        "valid_slope_segment_count": 1,
        "mean_abs_slope_pct": 5.64,
        "max_segment_slope_pct": 5.64,
        "slope_variation_range_pct": 0.0,
        "longest_continuous_steep_uphill_ft": 0.0,
        "continuous_steep_uphill_ratio_pct": 0.0,
        "landing_like_coverage_ratio_pct": 0.0,
        "mean_landing_distance_ft": 13.73,
        "max_landing_distance_ft": 13.73,
        "unreachable_segment_count": 0
      },
      "geometry": {
        "type": "LineString",
        "coordinates": [
          [
            -73.9639644993561,
            40.811318732601954
          ],
          [
            -73.96402808077312,
            40.81134480364275
          ]
        ]
      }
    },
    {
      "type": "Feature",
      "properties": {
        "street_id": 68,
        "segment_count": 14,
        "valid_slope_segment_count": 14,
        "mean_abs_slope_pct": 2.68,
        "max_segment_slope_pct": 6.06,
        "slope_variation_range_pct": 5.87,
        "longest_continuous_steep_uphill_ft": 0.0,
        "continuous_steep_uphill_ratio_pct": 0.0,
        "landing_like_coverage_ratio_pct": 35.71,
        "mean_landing_distance_ft": 15.0,
        "max_landing_distance_ft": 50.0,
        "unreachable_segment_count": 0
      },
      "geometry": {
        "type": "LineString",
        "coordinates": [
          [
            -73.96305844846148,
            40.81094719154057
          ],
          [
            -73.9631220285599,
            40.81097326393957
          ],
          [
            -73.9631856087081,
            40.81099933630341
          ],
          [
            -73.96324918890615,
            40.81102540863206
          ],
          [
            -73.96331276915399,
            40.811051480925556
          ],
          [
            -73.96337634945166,
            40.81107755318388
          ],
          [
            -73.96343992979914,
            40.81110362540703
          ],
          [
            -73.96350351019642,
            40.811129697594986
          ],
          [
            -73.96356709064354,
            40.811155769747785
          ],
          [
            -73.96363067114044,
            40.81118184186539
          ],
          [
            -73.96369425168717,
            40.811207913947854
          ],
          [
            -73.9637578322837,
            40.81123398599512
          ],
          [
            -73.96382141293006,
            40.81126005800723
          ],
          [
            -73.96388499362624,
            40.811286129984154
          ],
          [
            -73.96394857423302,
            40.81131220212189
          ]
        ]
      }
    },
    {
      "type": "Feature",
      "properties": {
        "street_id": 69,
        "segment_count": 15,
        "valid_slope_segment_count": 15,
        "mean_abs_slope_pct": 4.41,
        "max_segment_slope_pct": 7.07,
        "slope_variation_range_pct": 6.57,
        "longest_continuous_steep_uphill_ft": 0.0,
        "continuous_steep_uphill_ratio_pct": 0.0,
        "landing_like_coverage_ratio_pct": 13.33,
        "mean_landing_distance_ft": 112.67,
        "max_landing_distance_ft": 250.0,
        "unreachable_segment_count": 0
      },
      "geometry": {
        "type": "LineString",
        "coordinates": [
          [
            -73.96205558562619,
            40.81053327542622
          ],
          [
            -73.96211909984899,
            40.81055943979854
          ],
          [
            -73.96218259971916,
            40.81058562430928
          ],
          [
            -73.96224608315427,
            40.81061183185051
          ],
          [
            -73.96230956663939,
            40.8106380393567
          ],
          [
            -73.9623730501745,
            40.81066424682781
          ],
          [
            -73.96243653375963,
            40.81069045426386
          ],
          [
            -73.96250001739472,
            40.81071666166482
          ],
          [
            -73.96256350107981,
            40.81074286903077
          ],
          [
            -73.9626269848149,
            40.81076907636161
          ],
          [
            -73.9626904686,
            40.810795283657384
          ],
          [
            -73.96275395243511,
            40.81082149091808
          ],
          [
            -73.96281743632017,
            40.81084769814371
          ],
          [
            -73.96288092025523,
            40.810873905334326
          ],
          [
            -73.96294440424032,
            40.81090011248981
          ],
          [
            -73.96300788827538,
            40.81092631961023
          ]
        ]
      }
    },
    {
      "type": "Feature",
      "properties": {
        "street_id": 70,
        "segment_count": 13,
        "valid_slope_segment_count": 13,
        "mean_abs_slope_pct": 2.93,
        "max_segment_slope_pct": 4.32,
        "slope_variation_range_pct": 3.38,
        "longest_continuous_steep_uphill_ft": 0.0,
        "continuous_steep_uphill_ratio_pct": 0.0,
        "landing_like_coverage_ratio_pct": 15.38,
        "mean_landing_distance_ft": 28.46,
        "max_landing_distance_ft": 70.0,
        "unreachable_segment_count": 0
      },
      "geometry": {
        "type": "LineString",
        "coordinates": [
          [
            -73.95542973432941,
            40.809429152016605
          ],
          [
            -73.95539472976135,
            40.80947717296313
          ],
          [
            -73.95535972514278,
            40.809525193898644
          ],
          [
            -73.9553247204737,
            40.80957321482315
          ],
          [
            -73.95528971575413,
            40.80962123573668
          ],
          [
            -73.95525471098402,
            40.80966925663918
          ],
          [
            -73.95521970616339,
            40.809717277530716
          ],
          [
            -73.9551847012923,
            40.80976529841119
          ],
          [
            -73.95514969637064,
            40.80981331928072
          ],
          [
            -73.9551146913985,
            40.809861340139214
          ],
          [
            -73.95507968637584,
            40.80990936098673
          ],
          [
            -73.95504468130268,
            40.80995738182323
          ],
          [
            -73.95500967617897,
            40.81000540264875
          ],
          [
            -73.95497467100478,
            40.810053423463245
          ]
        ]
      }
    },
    {
      "type": "Feature",
      "properties": {
        "street_id": 71,
        "segment_count": 13,
        "valid_slope_segment_count": 13,
        "mean_abs_slope_pct": 1.61,
        "max_segment_slope_pct": 3.59,
        "slope_variation_range_pct": 3.51,
        "longest_continuous_steep_uphill_ft": 0.0,
        "continuous_steep_uphill_ratio_pct": 0.0,
        "landing_like_coverage_ratio_pct": 69.23,
        "mean_landing_distance_ft": 3.08,
        "max_landing_distance_ft": 10.0,
        "unreachable_segment_count": 0
      },
      "geometry": {
        "type": "LineString",
        "coordinates": [
          [
            -73.95588416274153,
            40.808802246680564
          ],
          [
            -73.95584930830464,
            40.80885033049697
          ],
          [
            -73.95581445381737,
            40.80889841430249
          ],
          [
            -73.95577959927975,
            40.808946498097086
          ],
          [
            -73.95574474469178,
            40.808994581880775
          ],
          [
            -73.95570989005343,
            40.80904266565354
          ],
          [
            -73.95567503536473,
            40.80909074941542
          ],
          [
            -73.95564018062566,
            40.80913883316637
          ],
          [
            -73.95560532583626,
            40.809186916906405
          ],
          [
            -73.95557047099646,
            40.80923500063555
          ],
          [
            -73.95553561610633,
            40.80928308435376
          ],
          [
            -73.95550076116581,
            40.80933116806106
          ],
          [
            -73.95546590617496,
            40.80937925175748
          ],
          [
            -73.95543105113373,
            40.809427335442926
          ]
        ]
      }
    },
    {
      "type": "Feature",
      "properties": {
        "street_id": 72,
        "segment_count": 13,
        "valid_slope_segment_count": 13,
        "mean_abs_slope_pct": 1.37,
        "max_segment_slope_pct": 2.65,
        "slope_variation_range_pct": 2.2,
        "longest_continuous_steep_uphill_ft": 0.0,
        "continuous_steep_uphill_ratio_pct": 0.0,
        "landing_like_coverage_ratio_pct": 69.23,
        "mean_landing_distance_ft": 3.08,
        "max_landing_distance_ft": 10.0,
        "unreachable_segment_count": 0
      },
      "geometry": {
        "type": "LineString",
        "coordinates": [
          [
            -73.95634492440908,
            40.80817335088619
          ],
          [
            -73.95630978424182,
            40.8082213143536
          ],
          [
            -73.9562746440239,
            40.80826927780992
          ],
          [
            -73.95623950375536,
            40.808317241255146
          ],
          [
            -73.95620436343616,
            40.808365204689295
          ],
          [
            -73.9561692230663,
            40.80841316811235
          ],
          [
            -73.9561340826458,
            40.808461131524375
          ],
          [
            -73.95609894217468,
            40.80850909492525
          ],
          [
            -73.95606380165287,
            40.80855705831508
          ],
          [
            -73.95602866108044,
            40.80860502169382
          ],
          [
            -73.95599352045737,
            40.808652985061514
          ],
          [
            -73.95595837978362,
            40.80870094841807
          ],
          [
            -73.95592323905926,
            40.80874891176356
          ],
          [
            -73.95588809828423,
            40.80879687509797
          ]
        ]
      }
    },
    {
      "type": "Feature",
      "properties": {
        "street_id": 73,
        "segment_count": 13,
        "valid_slope_segment_count": 13,
        "mean_abs_slope_pct": 2.59,
        "max_segment_slope_pct": 12.22,
        "slope_variation_range_pct": 12.17,
        "longest_continuous_steep_uphill_ft": 20.0,
        "continuous_steep_uphill_ratio_pct": 7.69,
        "landing_like_coverage_ratio_pct": 69.23,
        "mean_landing_distance_ft": 4.62,
        "max_landing_distance_ft": 30.0,
        "unreachable_segment_count": 0
      },
      "geometry": {
        "type": "LineString",
        "coordinates": [
          [
            -73.95680542767974,
            40.80754570478806
          ],
          [
            -73.95677024926758,
            40.80759365193146
          ],
          [
            -73.95673507080474,
            40.8076415990637
          ],
          [
            -73.95669989229121,
            40.807689546184925
          ],
          [
            -73.95666471372701,
            40.807737493294994
          ],
          [
            -73.95662953511213,
            40.807785440393964
          ],
          [
            -73.95659435644654,
            40.80783338748181
          ],
          [
            -73.9565591777303,
            40.80788133455858
          ],
          [
            -73.95652399896335,
            40.80792928162424
          ],
          [
            -73.95648882014572,
            40.807977228678794
          ],
          [
            -73.95645364127742,
            40.808025175722236
          ],
          [
            -73.95641846235841,
            40.8080731227546
          ],
          [
            -73.95638328338875,
            40.80812106977578
          ],
          [
            -73.95634810436839,
            40.80816901678594
          ]
        ]
      }
    },
    {
      "type": "Feature",
      "properties": {
        "street_id": 74,
        "segment_count": 13,
        "valid_slope_segment_count": 13,
        "mean_abs_slope_pct": 1.3,
        "max_segment_slope_pct": 2.73,
        "slope_variation_range_pct": 2.34,
        "longest_continuous_steep_uphill_ft": 0.0,
        "continuous_steep_uphill_ratio_pct": 0.0,
        "landing_like_coverage_ratio_pct": 84.62,
        "mean_landing_distance_ft": 1.54,
        "max_landing_distance_ft": 10.0,
        "unreachable_segment_count": 0
      },
      "geometry": {
        "type": "LineString",
        "coordinates": [
          [
            -73.95726580496756,
            40.80691616569342
          ],
          [
            -73.95723071475402,
            40.80696415000044
          ],
          [
            -73.95719562448987,
            40.807012134296386
          ],
          [
            -73.95716053417512,
            40.807060118581305
          ],
          [
            -73.95712544380976,
            40.80710810285519
          ],
          [
            -73.95709035339384,
            40.807156087117974
          ],
          [
            -73.95705526292731,
            40.80720407136973
          ],
          [
            -73.95702017241018,
            40.80725205561044
          ],
          [
            -73.95698508184246,
            40.807300039840044
          ],
          [
            -73.95694999122415,
            40.80734802405867
          ],
          [
            -73.95691490055525,
            40.807396008266224
          ],
          [
            -73.95687980983573,
            40.80744399246271
          ],
          [
            -73.95684471906563,
            40.807491976648144
          ],
          [
            -73.95680962824493,
            40.807539960822545
          ]
        ]
      }
    },
    {
      "type": "Feature",
      "properties": {
        "street_id": 75,
        "segment_count": 13,
        "valid_slope_segment_count": 13,
        "mean_abs_slope_pct": 3.22,
        "max_segment_slope_pct": 8.59,
        "slope_variation_range_pct": 8.51,
        "longest_continuous_steep_uphill_ft": 20.0,
        "continuous_steep_uphill_ratio_pct": 7.69,
        "landing_like_coverage_ratio_pct": 61.54,
        "mean_landing_distance_ft": 5.42,
        "max_landing_distance_ft": 30.0,
        "unreachable_segment_count": 0
      },
      "geometry": {
        "type": "LineString",
        "coordinates": [
          [
            -73.9577217503239,
            40.80629098149537
          ],
          [
            -73.95768673339647,
            40.80633899656868
          ],
          [
            -73.9576517164185,
            40.80638701163093
          ],
          [
            -73.95761669939003,
            40.806435026682216
          ],
          [
            -73.95758168231103,
            40.80648304172248
          ],
          [
            -73.95754666518151,
            40.80653105675172
          ],
          [
            -73.95751164800146,
            40.80657907176998
          ],
          [
            -73.9574766307709,
            40.80662708677721
          ],
          [
            -73.95744161348983,
            40.80667510177344
          ],
          [
            -73.95740659615821,
            40.80672311675867
          ],
          [
            -73.9573715787761,
            40.80677113173287
          ],
          [
            -73.95733656134342,
            40.80681914669606
          ],
          [
            -73.95730154386027,
            40.80686716164829
          ],
          [
            -73.95726652632656,
            40.80691517658947
          ]
        ]
      }
    },
    {
      "type": "Feature",
      "properties": {
        "street_id": 76,
        "segment_count": 14,
        "valid_slope_segment_count": 14,
        "mean_abs_slope_pct": 1.87,
        "max_segment_slope_pct": 4.34,
        "slope_variation_range_pct": 4.24,
        "longest_continuous_steep_uphill_ft": 0.0,
        "continuous_steep_uphill_ratio_pct": 0.0,
        "landing_like_coverage_ratio_pct": 57.14,
        "mean_landing_distance_ft": 5.94,
        "max_landing_distance_ft": 30.0,
        "unreachable_segment_count": 0
      },
      "geometry": {
        "type": "LineString",
        "coordinates": [
          [
            -73.9581816649981,
            40.805596782534465
          ],
          [
            -73.95814918100807,
            40.80564581467203
          ],
          [
            -73.95811669697017,
            40.80569484680007
          ],
          [
            -73.95808421288442,
            40.805743878918534
          ],
          [
            -73.95805172875082,
            40.805792911027474
          ],
          [
            -73.95801924456934,
            40.805841943126886
          ],
          [
            -73.95798676034,
            40.80589097521675
          ],
          [
            -73.95795427606282,
            40.80594000729708
          ],
          [
            -73.95792179173777,
            40.80598903936785
          ],
          [
            -73.95788930736487,
            40.80603807142912
          ],
          [
            -73.9578568229441,
            40.80608710348082
          ],
          [
            -73.95782433847548,
            40.80613613552297
          ],
          [
            -73.957791853959,
            40.806185167555626
          ],
          [
            -73.95775936939465,
            40.80623419957869
          ],
          [
            -73.95772688478243,
            40.80628323159229
          ]
        ]
      }
    },
    {
      "type": "Feature",
      "properties": {
        "street_id": 77,
        "segment_count": 6,
        "valid_slope_segment_count": 6,
        "mean_abs_slope_pct": 26.81,
        "max_segment_slope_pct": 31.6,
        "slope_variation_range_pct": 15.11,
        "longest_continuous_steep_uphill_ft": 120.0,
        "continuous_steep_uphill_ratio_pct": 100.0,
        "landing_like_coverage_ratio_pct": 0.0,
        "mean_landing_distance_ft": 564.74,
        "max_landing_distance_ft": 614.74,
        "unreachable_segment_count": 0
      },
      "geometry": {
        "type": "LineString",
        "coordinates": [
          [
            -73.96539153490588,
            40.80866578921584
          ],
          [
            -73.96545573381385,
            40.808690967797126
          ],
          [
            -73.96551993277039,
            40.808716146342526
          ],
          [
            -73.9655841317755,
            40.80874132485208
          ],
          [
            -73.9656483308292,
            40.808766503325785
          ],
          [
            -73.96571252993147,
            40.80879168176365
          ],
          [
            -73.96577521249604,
            40.80881897726425
          ]
        ]
      }
    },
    {
      "type": "Feature",
      "properties": {
        "street_id": 78,
        "segment_count": 14,
        "valid_slope_segment_count": 6,
        "mean_abs_slope_pct": 4.0,
        "max_segment_slope_pct": 7.6,
        "slope_variation_range_pct": 6.75,
        "longest_continuous_steep_uphill_ft": 0.0,
        "continuous_steep_uphill_ratio_pct": 0.0,
        "landing_like_coverage_ratio_pct": 33.33,
        "mean_landing_distance_ft": 55.8,
        "max_landing_distance_ft": 150.0,
        "unreachable_segment_count": 0
      },
      "geometry": {
        "type": "LineString",
        "coordinates": [
          [
            -73.96035728531656,
            40.81795913718599
          ],
          [
            -73.96039851918549,
            40.81800421584409
          ],
          [
            -73.96043975311028,
            40.81804929448715
          ],
          [
            -73.96048098683356,
            40.81809437325102
          ],
          [
            -73.96052221874166,
            40.8181394529875
          ],
          [
            -73.96056345070565,
            40.81818453270895
          ],
          [
            -73.96060468272546,
            40.81822961241527
          ],
          [
            -73.96064591480116,
            40.81827469210656
          ],
          [
            -73.96068714693271,
            40.818319771782754
          ],
          [
            -73.96072837912014,
            40.81836485144388
          ],
          [
            -73.96076961136342,
            40.818409931089924
          ],
          [
            -73.96081084366256,
            40.81845501072086
          ],
          [
            -73.96085187676606,
            40.81850019514485
          ],
          [
            -73.96089289099763,
            40.81854538947096
          ],
          [
            -73.96093390608848,
            40.818590583361335
          ]
        ]
      }
    },
    {
      "type": "Feature",
      "properties": {
        "street_id": 79,
        "segment_count": 21,
        "valid_slope_segment_count": 21,
        "mean_abs_slope_pct": 5.62,
        "max_segment_slope_pct": 10.06,
        "slope_variation_range_pct": 8.89,
        "longest_continuous_steep_uphill_ft": 60.0,
        "continuous_steep_uphill_ratio_pct": 14.29,
        "landing_like_coverage_ratio_pct": 14.29,
        "mean_landing_distance_ft": 44.76,
        "max_landing_distance_ft": 130.0,
        "unreachable_segment_count": 0
      },
      "geometry": {
        "type": "LineString",
        "coordinates": [
          [
            -73.95949328281615,
            40.817007487220344
          ],
          [
            -73.9595343082638,
            40.81705267519957
          ],
          [
            -73.95957533376712,
            40.81709786316383
          ],
          [
            -73.95961635932619,
            40.817143051113185
          ],
          [
            -73.95965738494097,
            40.81718823904758
          ],
          [
            -73.95969841061147,
            40.817233426967086
          ],
          [
            -73.95973943633766,
            40.817278614871626
          ],
          [
            -73.95978046211957,
            40.81732380276125
          ],
          [
            -73.9598214879572,
            40.817368990635906
          ],
          [
            -73.95986251385055,
            40.81741417849568
          ],
          [
            -73.95990353979961,
            40.817459366340486
          ],
          [
            -73.95994456580439,
            40.81750455417037
          ],
          [
            -73.95998559186488,
            40.81754974198532
          ],
          [
            -73.96002661798107,
            40.81759492978532
          ],
          [
            -73.96006764415299,
            40.8176401175704
          ],
          [
            -73.96010867038062,
            40.81768530534059
          ],
          [
            -73.96014969666398,
            40.8177304930958
          ],
          [
            -73.96019072300305,
            40.817775680836114
          ],
          [
            -73.9602317493978,
            40.817820868561434
          ],
          [
            -73.9602727758483,
            40.81786605627187
          ],
          [
            -73.9603138023545,
            40.817911243967366
          ],
          [
            -73.96035482891644,
            40.81795643164791
          ]
        ]
      }
    },
    {
      "type": "Feature",
      "properties": {
        "street_id": 80,
        "segment_count": 29,
        "valid_slope_segment_count": 29,
        "mean_abs_slope_pct": 6.56,
        "max_segment_slope_pct": 11.24,
        "slope_variation_range_pct": 9.02,
        "longest_continuous_steep_uphill_ft": 40.0,
        "continuous_steep_uphill_ratio_pct": 6.9,
        "landing_like_coverage_ratio_pct": 0.0,
        "mean_landing_distance_ft": 308.54,
        "max_landing_distance_ft": 588.54,
        "unreachable_segment_count": 0
      },
      "geometry": {
        "type": "LineString",
        "coordinates": [
          [
            -73.95829446622366,
            40.81569080088808
          ],
          [
            -73.9583366695248,
            40.81573535795457
          ],
          [
            -73.95837887288246,
            40.81577991500525
          ],
          [
            -73.958420337014,
            40.81582487088834
          ],
          [
            -73.9584613426628,
            40.81587006886582
          ],
          [
            -73.9585023483673,
            40.815915266828384
          ],
          [
            -73.9585433541275,
            40.81596046477607
          ],
          [
            -73.95858435994339,
            40.81600566270874
          ],
          [
            -73.958625365815,
            40.81605086062659
          ],
          [
            -73.95866637174228,
            40.81609605852944
          ],
          [
            -73.95870737772528,
            40.81614125641742
          ],
          [
            -73.95874838376398,
            40.81618645429049
          ],
          [
            -73.95878938985837,
            40.81623165214865
          ],
          [
            -73.95883039600844,
            40.816276849991866
          ],
          [
            -73.95887140221424,
            40.81632204782016
          ],
          [
            -73.95891240847574,
            40.81636724563355
          ],
          [
            -73.9589534147929,
            40.81641244343204
          ],
          [
            -73.95899442116578,
            40.81645764121557
          ],
          [
            -73.95903542759437,
            40.81650283898421
          ],
          [
            -73.95907643407868,
            40.81654803673791
          ],
          [
            -73.95911744061864,
            40.81659323447673
          ],
          [
            -73.95915844721434,
            40.816638432200584
          ],
          [
            -73.95919945386571,
            40.816683629909576
          ],
          [
            -73.9592404605728,
            40.8167288276036
          ],
          [
            -73.95928146733557,
            40.816774025282704
          ],
          [
            -73.95932247415406,
            40.81681922294689
          ],
          [
            -73.95936348102823,
            40.816864420596204
          ],
          [
            -73.95940448795812,
            40.81690961823057
          ],
          [
            -73.95944549494371,
            40.816954815850025
          ],
          [
            -73.959486501985,
            40.81700001345457
          ]
        ]
      }
    },
    {
      "type": "Feature",
      "properties": {
        "street_id": 81,
        "segment_count": 11,
        "valid_slope_segment_count": 11,
        "mean_abs_slope_pct": 2.18,
        "max_segment_slope_pct": 5.29,
        "slope_variation_range_pct": 4.96,
        "longest_continuous_steep_uphill_ft": 0.0,
        "continuous_steep_uphill_ratio_pct": 0.0,
        "landing_like_coverage_ratio_pct": 54.55,
        "mean_landing_distance_ft": 22.73,
        "max_landing_distance_ft": 90.0,
        "unreachable_segment_count": 0
      },
      "geometry": {
        "type": "LineString",
        "coordinates": [
          [
            -73.95782820926118,
            40.81515605916535
          ],
          [
            -73.95786820885314,
            40.81520177435273
          ],
          [
            -73.95790820850004,
            40.81524748952588
          ],
          [
            -73.95794820820188,
            40.81529320468488
          ],
          [
            -73.9579882079587,
            40.81533891982959
          ],
          [
            -73.95802820777048,
            40.81538463496013
          ],
          [
            -73.9580682076372,
            40.81543035007642
          ],
          [
            -73.95810820755887,
            40.815476065178515
          ],
          [
            -73.95814820753547,
            40.81552178026639
          ],
          [
            -73.95818820756706,
            40.81556749534001
          ],
          [
            -73.95822786905798,
            40.815613380365804
          ],
          [
            -73.95826739667889,
            40.81565933203341
          ]
        ]
      }
    },
    {
      "type": "Feature",
      "properties": {
        "street_id": 82,
        "segment_count": 38,
        "valid_slope_segment_count": 38,
        "mean_abs_slope_pct": 2.7,
        "max_segment_slope_pct": 6.37,
        "slope_variation_range_pct": 6.32,
        "longest_continuous_steep_uphill_ft": 0.0,
        "continuous_steep_uphill_ratio_pct": 0.0,
        "landing_like_coverage_ratio_pct": 34.21,
        "mean_landing_distance_ft": 41.32,
        "max_landing_distance_ft": 170.0,
        "unreachable_segment_count": 0
      },
      "geometry": {
        "type": "LineString",
        "coordinates": [
          [
            -73.95626956864933,
            40.81337502990226
          ],
          [
            -73.95630957235663,
            40.81342074248355
          ],
          [
            -73.9563495761189,
            40.813466455050666
          ],
          [
            -73.95638957993611,
            40.813512167603506
          ],
          [
            -73.95642958380827,
            40.81355788014218
          ],
          [
            -73.9564695877354,
            40.8136035926666
          ],
          [
            -73.95650959171748,
            40.813649305176796
          ],
          [
            -73.95654959575452,
            40.81369501767277
          ],
          [
            -73.95658959984647,
            40.81374073015454
          ],
          [
            -73.95662960399342,
            40.813786442622074
          ],
          [
            -73.95666960819531,
            40.81383215507539
          ],
          [
            -73.95670961245217,
            40.81387786751451
          ],
          [
            -73.95674961676397,
            40.813923579939406
          ],
          [
            -73.95678962113072,
            40.813969292350066
          ],
          [
            -73.95682962555244,
            40.81401500474648
          ],
          [
            -73.95686963002909,
            40.814060717128726
          ],
          [
            -73.9569096345607,
            40.81410642949668
          ],
          [
            -73.95694963914728,
            40.81415214185047
          ],
          [
            -73.95698964378883,
            40.81419785419003
          ],
          [
            -73.9570296484853,
            40.81424356651539
          ],
          [
            -73.95706965323674,
            40.8142892788265
          ],
          [
            -73.95710965687348,
            40.81433499171423
          ],
          [
            -73.9571496612729,
            40.81438070423027
          ],
          [
            -73.95718966575443,
            40.81442641671833
          ],
          [
            -73.95722967031712,
            40.814472129178945
          ],
          [
            -73.95726967493475,
            40.814517841625374
          ],
          [
            -73.95730967960736,
            40.81456355405752
          ],
          [
            -73.9573496843349,
            40.81460926647551
          ],
          [
            -73.9573896891174,
            40.81465497887924
          ],
          [
            -73.9574296939549,
            40.81470069126873
          ],
          [
            -73.95746969884729,
            40.81474640364403
          ],
          [
            -73.95750970379467,
            40.814792116005115
          ],
          [
            -73.95754970879699,
            40.81483782835197
          ],
          [
            -73.95758971385428,
            40.81488354068461
          ],
          [
            -73.95762971896653,
            40.81492925300302
          ],
          [
            -73.95766972413372,
            40.8149749653072
          ],
          [
            -73.95770972935588,
            40.81502067759718
          ],
          [
            -73.957749734633,
            40.81506638987291
          ],
          [
            -73.95778973996508,
            40.815112102134414
          ]
        ]
      }
    },
    {
      "type": "Feature",
      "properties": {
        "street_id": 83,
        "segment_count": 33,
        "valid_slope_segment_count": 33,
        "mean_abs_slope_pct": 1.99,
        "max_segment_slope_pct": 6.38,
        "slope_variation_range_pct": 6.35,
        "longest_continuous_steep_uphill_ft": 0.0,
        "continuous_steep_uphill_ratio_pct": 0.0,
        "landing_like_coverage_ratio_pct": 57.58,
        "mean_landing_distance_ft": 5.45,
        "max_landing_distance_ft": 30.0,
        "unreachable_segment_count": 0
      },
      "geometry": {
        "type": "LineString",
        "coordinates": [
          [
            -73.95494562286726,
            40.811852838757254
          ],
          [
            -73.9549854553228,
            40.811898637134135
          ],
          [
            -73.95502528796544,
            40.811944435430505
          ],
          [
            -73.9550651206629,
            40.811990233712784
          ],
          [
            -73.95510495341517,
            40.81203603198092
          ],
          [
            -73.95514478622226,
            40.81208183023501
          ],
          [
            -73.9551846190842,
            40.81212762847494
          ],
          [
            -73.95522445200093,
            40.8121734267008
          ],
          [
            -73.95526428497247,
            40.812219224912546
          ],
          [
            -73.95530411799886,
            40.8122650231102
          ],
          [
            -73.95534395108007,
            40.81231082129375
          ],
          [
            -73.95538378421608,
            40.812356619463166
          ],
          [
            -73.95542361740694,
            40.81240241761851
          ],
          [
            -73.95546345065259,
            40.812448215759744
          ],
          [
            -73.9555032839538,
            40.81249401388656
          ],
          [
            -73.95554311733292,
            40.81253981198763
          ],
          [
            -73.95558295076688,
            40.81258561007458
          ],
          [
            -73.95562278425565,
            40.81263140814743
          ],
          [
            -73.95566261779925,
            40.81267720620618
          ],
          [
            -73.95570245139766,
            40.812723004250856
          ],
          [
            -73.9557422850509,
            40.812768802281404
          ],
          [
            -73.95578211875896,
            40.81281460029786
          ],
          [
            -73.95582195252184,
            40.812860398300195
          ],
          [
            -73.95586178633955,
            40.81290619628845
          ],
          [
            -73.95590162021207,
            40.812951994262605
          ],
          [
            -73.95594145413942,
            40.81299779222262
          ],
          [
            -73.95598128812159,
            40.81304359016856
          ],
          [
            -73.95602112215859,
            40.8130893881004
          ],
          [
            -73.9560609562504,
            40.81313518601813
          ],
          [
            -73.95610079039704,
            40.813180983921754
          ],
          [
            -73.95614062459849,
            40.81322678181127
          ],
          [
            -73.95618045885479,
            40.81327257968666
          ],
          [
            -73.9562202931659,
            40.81331837754798
          ],
          [
            -73.9562601275318,
            40.813364175395186
          ]
        ]
      }
    },
    {
      "type": "Feature",
      "properties": {
        "street_id": 84,
        "segment_count": 36,
        "valid_slope_segment_count": 36,
        "mean_abs_slope_pct": 13.4,
        "max_segment_slope_pct": 15.94,
        "slope_variation_range_pct": 12.27,
        "longest_continuous_steep_uphill_ft": 660.0,
        "continuous_steep_uphill_ratio_pct": 91.67,
        "landing_like_coverage_ratio_pct": 0.0,
        "mean_landing_distance_ft": 640.0,
        "max_landing_distance_ft": 990.0,
        "unreachable_segment_count": 0
      },
      "geometry": {
        "type": "LineString",
        "coordinates": [
          [
            -73.95682706508394,
            40.812611535644976
          ],
          [
            -73.95689032872528,
            40.812638050880345
          ],
          [
            -73.95695359241704,
            40.81266456608088
          ],
          [
            -73.9570168561592,
            40.81269108124658
          ],
          [
            -73.95708011995177,
            40.81271759637745
          ],
          [
            -73.95714338379473,
            40.81274411147352
          ],
          [
            -73.95720664768811,
            40.81277062653473
          ],
          [
            -73.9572699116319,
            40.812797141561155
          ],
          [
            -73.9573331756261,
            40.81282365655272
          ],
          [
            -73.95739643967069,
            40.812850171509425
          ],
          [
            -73.95745970376572,
            40.81287668643136
          ],
          [
            -73.95752296791112,
            40.81290320131844
          ],
          [
            -73.95758623210696,
            40.81292971617067
          ],
          [
            -73.95764949635323,
            40.81295623098813
          ],
          [
            -73.95771276064985,
            40.812982745770725
          ],
          [
            -73.95777602499692,
            40.81300926051848
          ],
          [
            -73.9578392893944,
            40.81303577523142
          ],
          [
            -73.95790255384227,
            40.81306228990955
          ],
          [
            -73.95796581834057,
            40.81308880455281
          ],
          [
            -73.95802908288924,
            40.81311531916126
          ],
          [
            -73.95809234748833,
            40.81314183373487
          ],
          [
            -73.95815561213783,
            40.81316834827368
          ],
          [
            -73.95821887683775,
            40.81319486277765
          ],
          [
            -73.95828214158811,
            40.81322137724679
          ],
          [
            -73.95834540638883,
            40.813247891681094
          ],
          [
            -73.95840867123998,
            40.813274406080545
          ],
          [
            -73.95847193614154,
            40.813300920445215
          ],
          [
            -73.95853520109348,
            40.81332743477504
          ],
          [
            -73.95859846609585,
            40.81335394907003
          ],
          [
            -73.95866173114862,
            40.813380463330205
          ],
          [
            -73.95872499625182,
            40.813406977555516
          ],
          [
            -73.95878826140542,
            40.81343349174603
          ],
          [
            -73.95885152660941,
            40.81346000590171
          ],
          [
            -73.95891479186383,
            40.81348652002256
          ],
          [
            -73.95897805716865,
            40.81351303410855
          ],
          [
            -73.95904132252387,
            40.813539548159746
          ],
          [
            -73.95910458792952,
            40.81356606217611
          ]
        ]
      }
    },
    {
      "type": "Feature",
      "properties": {
        "street_id": 86,
        "segment_count": 10,
        "valid_slope_segment_count": 10,
        "mean_abs_slope_pct": 10.25,
        "max_segment_slope_pct": 15.01,
        "slope_variation_range_pct": 8.41,
        "longest_continuous_steep_uphill_ft": 140.0,
        "continuous_steep_uphill_ratio_pct": 70.0,
        "landing_like_coverage_ratio_pct": 0.0,
        "mean_landing_distance_ft": null,
        "max_landing_distance_ft": null,
        "unreachable_segment_count": 10
      },
      "geometry": {
        "type": "LineString",
        "coordinates": [
          [
            -73.9644240815365,
            40.81075513926625
          ],
          [
            -73.96439004510066,
            40.81080356059273
          ],
          [
            -73.96435600861525,
            40.81085198190876
          ],
          [
            -73.96432197208036,
            40.810900403214376
          ],
          [
            -73.9642879354959,
            40.810948824509566
          ],
          [
            -73.96425389886195,
            40.8109972457943
          ],
          [
            -73.96421986217847,
            40.81104566706864
          ],
          [
            -73.96418582544544,
            40.81109408833252
          ],
          [
            -73.96415178866289,
            40.811142509586
          ],
          [
            -73.96411775183083,
            40.81119093082901
          ],
          [
            -73.96408371494924,
            40.81123935206161
          ]
        ]
      }
    },
    {
      "type": "Feature",
      "properties": {
        "street_id": 87,
        "segment_count": 39,
        "valid_slope_segment_count": 39,
        "mean_abs_slope_pct": 8.59,
        "max_segment_slope_pct": 12.8,
        "slope_variation_range_pct": 8.73,
        "longest_continuous_steep_uphill_ft": 180.0,
        "continuous_steep_uphill_ratio_pct": 23.08,
        "landing_like_coverage_ratio_pct": 0.0,
        "mean_landing_distance_ft": null,
        "max_landing_distance_ft": null,
        "unreachable_segment_count": 39
      },
      "geometry": {
        "type": "LineString",
        "coordinates": [
          [
            -73.96581414058046,
            40.80884157579566
          ],
          [
            -73.96577922964654,
            40.808889635952454
          ],
          [
            -73.96574431866223,
            40.80893769609827
          ],
          [
            -73.96570940762749,
            40.80898575623319
          ],
          [
            -73.96567449654233,
            40.809033816357164
          ],
          [
            -73.96563958540676,
            40.80908187647015
          ],
          [
            -73.96560467422076,
            40.80912993657221
          ],
          [
            -73.96556976298437,
            40.80917799666333
          ],
          [
            -73.96553485169754,
            40.809226056743526
          ],
          [
            -73.96549994036029,
            40.80927411681276
          ],
          [
            -73.96546502897262,
            40.80932217687103
          ],
          [
            -73.96543011753454,
            40.809370236918376
          ],
          [
            -73.96539520604603,
            40.80941829695478
          ],
          [
            -73.96536029450712,
            40.80946635698021
          ],
          [
            -73.96532538291778,
            40.809514416994745
          ],
          [
            -73.96529047127804,
            40.809562476998316
          ],
          [
            -73.96525555958786,
            40.80961053699091
          ],
          [
            -73.96522064784727,
            40.8096585969726
          ],
          [
            -73.96518573605627,
            40.80970665694329
          ],
          [
            -73.96515082421483,
            40.809754716903086
          ],
          [
            -73.96511591232297,
            40.80980277685193
          ],
          [
            -73.9650810003807,
            40.809850836789806
          ],
          [
            -73.96504608838804,
            40.809898896716746
          ],
          [
            -73.96501117634492,
            40.80994695663274
          ],
          [
            -73.96497626425139,
            40.80999501653781
          ],
          [
            -73.96494135210745,
            40.81004307643192
          ],
          [
            -73.96490643991311,
            40.81009113631508
          ],
          [
            -73.9648715276683,
            40.810139196187315
          ],
          [
            -73.9648366153731,
            40.81018725604855
          ],
          [
            -73.96480170302748,
            40.810235315898865
          ],
          [
            -73.96476679063144,
            40.81028337573826
          ],
          [
            -73.96473187818496,
            40.81033143556672
          ],
          [
            -73.9646969656881,
            40.81037949538419
          ],
          [
            -73.96466205314078,
            40.810427555190714
          ],
          [
            -73.96462714054307,
            40.810475614986316
          ],
          [
            -73.96459222789491,
            40.81052367477098
          ],
          [
            -73.96455731519634,
            40.810571734544666
          ],
          [
            -73.96452240244736,
            40.81061979430742
          ],
          [
            -73.96448748964796,
            40.81066785405923
          ],
          [
            -73.96445257679814,
            40.81071591380009
          ]
        ]
      }
    },
    {
      "type": "Feature",
      "properties": {
        "street_id": 88,
        "segment_count": 14,
        "valid_slope_segment_count": 14,
        "mean_abs_slope_pct": 10.06,
        "max_segment_slope_pct": 21.16,
        "slope_variation_range_pct": 20.93,
        "longest_continuous_steep_uphill_ft": 180.0,
        "continuous_steep_uphill_ratio_pct": 64.29,
        "landing_like_coverage_ratio_pct": 7.14,
        "mean_landing_distance_ft": 103.57,
        "max_landing_distance_ft": 230.0,
        "unreachable_segment_count": 0
      },
      "geometry": {
        "type": "LineString",
        "coordinates": [
          [
            -73.9665310746093,
            40.80823131933146
          ],
          [
            -73.9664829640421,
            40.80827227168686
          ],
          [
            -73.9664348534157,
            40.80831322402192
          ],
          [
            -73.96638674273011,
            40.80835417633665
          ],
          [
            -73.9663386319853,
            40.80839512863102
          ],
          [
            -73.9662905211813,
            40.80843608090503
          ],
          [
            -73.9662424103181,
            40.80847703315869
          ],
          [
            -73.96619429939568,
            40.80851798539202
          ],
          [
            -73.96614618841406,
            40.808558937605014
          ],
          [
            -73.96609807737323,
            40.808599889797634
          ],
          [
            -73.96604996627322,
            40.8086408419699
          ],
          [
            -73.96600185511397,
            40.808681794121824
          ],
          [
            -73.96595374389555,
            40.80872274625344
          ],
          [
            -73.96590563261792,
            40.808763698364636
          ],
          [
            -73.96585752128108,
            40.808804650455556
          ]
        ]
      }
    },
    {
      "type": "Feature",
      "properties": {
        "street_id": 89,
        "segment_count": 13,
        "valid_slope_segment_count": 13,
        "mean_abs_slope_pct": 6.54,
        "max_segment_slope_pct": 12.65,
        "slope_variation_range_pct": 10.53,
        "longest_continuous_steep_uphill_ft": 40.0,
        "continuous_steep_uphill_ratio_pct": 15.38,
        "landing_like_coverage_ratio_pct": 0.0,
        "mean_landing_distance_ft": 374.05,
        "max_landing_distance_ft": 494.05,
        "unreachable_segment_count": 0
      },
      "geometry": {
        "type": "LineString",
        "coordinates": [
          [
            -73.96701145091971,
            40.807605205141094
          ],
          [
            -73.96697506570422,
            40.80765262948745
          ],
          [
            -73.96693868043687,
            40.80770005382201
          ],
          [
            -73.96690229511766,
            40.807747478144684
          ],
          [
            -73.96686590974662,
            40.807794902455484
          ],
          [
            -73.96682952432373,
            40.80784232675445
          ],
          [
            -73.96679313884897,
            40.80788975104162
          ],
          [
            -73.96675675332237,
            40.807937175316916
          ],
          [
            -73.96672036774392,
            40.807984599580365
          ],
          [
            -73.96668398211361,
            40.80803202383195
          ],
          [
            -73.96664759643146,
            40.80807944807171
          ],
          [
            -73.96661121069748,
            40.80812687229964
          ],
          [
            -73.9665748249116,
            40.80817429651567
          ],
          [
            -73.9665384390739,
            40.808221720719885
          ]
        ]
      }
    },
    {
      "type": "Feature",
      "properties": {
        "street_id": 90,
        "segment_count": 27,
        "valid_slope_segment_count": 27,
        "mean_abs_slope_pct": 13.03,
        "max_segment_slope_pct": 16.25,
        "slope_variation_range_pct": 15.54,
        "longest_continuous_steep_uphill_ft": 500.0,
        "continuous_steep_uphill_ratio_pct": 92.59,
        "landing_like_coverage_ratio_pct": 3.7,
        "mean_landing_distance_ft": 219.62,
        "max_landing_distance_ft": 390.0,
        "unreachable_segment_count": 0
      },
      "geometry": {
        "type": "LineString",
        "coordinates": [
          [
            -73.96068719190771,
            40.81419125730921
          ],
          [
            -73.9606523198768,
            40.81423933490073
          ],
          [
            -73.96061744779553,
            40.814287412481306
          ],
          [
            -73.96058257566386,
            40.81433549005097
          ],
          [
            -73.9605477034818,
            40.81438356760968
          ],
          [
            -73.96051283124937,
            40.81443164515748
          ],
          [
            -73.96047795896656,
            40.81447972269434
          ],
          [
            -73.96044308663336,
            40.81452780022029
          ],
          [
            -73.96040821424977,
            40.814575877735344
          ],
          [
            -73.96037334181581,
            40.81462395523942
          ],
          [
            -73.96033846933146,
            40.814672032732624
          ],
          [
            -73.9603035967967,
            40.814720110214864
          ],
          [
            -73.96026872421159,
            40.81476818768618
          ],
          [
            -73.96023385157609,
            40.81481626514656
          ],
          [
            -73.96019897889019,
            40.8148643425961
          ],
          [
            -73.96016410615391,
            40.81491242003465
          ],
          [
            -73.96012923336725,
            40.814960497462245
          ],
          [
            -73.9600943605302,
            40.81500857487894
          ],
          [
            -73.96005948764278,
            40.81505665228476
          ],
          [
            -73.96002461470498,
            40.8151047296796
          ],
          [
            -73.95998974171678,
            40.815152807063534
          ],
          [
            -73.9599548686782,
            40.81520088443656
          ],
          [
            -73.95991999558922,
            40.815248961798616
          ],
          [
            -73.95988512244986,
            40.81529703914977
          ],
          [
            -73.95985024926011,
            40.81534511648997
          ],
          [
            -73.95981537602,
            40.81539319381931
          ],
          [
            -73.95978050272949,
            40.81544127113768
          ],
          [
            -73.95974562938858,
            40.81548934844513
          ]
        ]
      }
    },
    {
      "type": "Feature",
      "properties": {
        "street_id": 91,
        "segment_count": 40,
        "valid_slope_segment_count": 40,
        "mean_abs_slope_pct": 13.97,
        "max_segment_slope_pct": 21.87,
        "slope_variation_range_pct": 13.37,
        "longest_continuous_steep_uphill_ft": 800.0,
        "continuous_steep_uphill_ratio_pct": 100.0,
        "landing_like_coverage_ratio_pct": 0.0,
        "mean_landing_distance_ft": 400.0,
        "max_landing_distance_ft": 790.0,
        "unreachable_segment_count": 0
      },
      "geometry": {
        "type": "LineString",
        "coordinates": [
          [
            -73.96210561644895,
            40.812251562710685
          ],
          [
            -73.96207052733725,
            40.81229954862896
          ],
          [
            -73.96203543817494,
            40.81234753453619
          ],
          [
            -73.96200034896204,
            40.812395520432354
          ],
          [
            -73.96196525969852,
            40.81244350631753
          ],
          [
            -73.9619301703844,
            40.81249149219157
          ],
          [
            -73.9618950810197,
            40.812539478054596
          ],
          [
            -73.96185999160441,
            40.812587463906574
          ],
          [
            -73.96182490213849,
            40.812635449747496
          ],
          [
            -73.96178981262199,
            40.81268343557733
          ],
          [
            -73.9617547230549,
            40.812731421396144
          ],
          [
            -73.9617196334372,
            40.8127794072039
          ],
          [
            -73.96168454376888,
            40.81282739300061
          ],
          [
            -73.96164945404998,
            40.812875378786266
          ],
          [
            -73.96161436428048,
            40.81292336456085
          ],
          [
            -73.96157927446038,
            40.8129713503244
          ],
          [
            -73.96154418458968,
            40.81301933607687
          ],
          [
            -73.96150909466837,
            40.813067321818274
          ],
          [
            -73.96147400469647,
            40.81311530754868
          ],
          [
            -73.96143891467396,
            40.81316329326799
          ],
          [
            -73.96140382460085,
            40.81321127897627
          ],
          [
            -73.96136873447715,
            40.81325926467346
          ],
          [
            -73.96133364430284,
            40.813307250359635
          ],
          [
            -73.96129855407794,
            40.81335523603475
          ],
          [
            -73.96126346380242,
            40.81340322169876
          ],
          [
            -73.96122837347632,
            40.81345120735179
          ],
          [
            -73.9611932830996,
            40.813499192993724
          ],
          [
            -73.9611581926723,
            40.8135471786246
          ],
          [
            -73.96112310219439,
            40.81359516424445
          ],
          [
            -73.96108801166588,
            40.813643149853206
          ],
          [
            -73.96105292108676,
            40.813691135450924
          ],
          [
            -73.96101783045705,
            40.813739121037614
          ],
          [
            -73.96098273977672,
            40.81378710661321
          ],
          [
            -73.9609476490458,
            40.81383509217779
          ],
          [
            -73.96091255826427,
            40.81388307773129
          ],
          [
            -73.96087746743217,
            40.81393106327371
          ],
          [
            -73.96084237654942,
            40.81397904880511
          ],
          [
            -73.9608072856161,
            40.81402703432546
          ],
          [
            -73.96077219463217,
            40.81407501983472
          ],
          [
            -73.96073710359764,
            40.81412300533295
          ],
          [
            -73.96070201251248,
            40.81417099082012
          ]
        ]
      }
    },
    {
      "type": "Feature",
      "properties": {
        "street_id": 92,
        "segment_count": 27,
        "valid_slope_segment_count": 27,
        "mean_abs_slope_pct": 4.46,
        "max_segment_slope_pct": 8.61,
        "slope_variation_range_pct": 7.79,
        "longest_continuous_steep_uphill_ft": 20.0,
        "continuous_steep_uphill_ratio_pct": 3.7,
        "landing_like_coverage_ratio_pct": 18.52,
        "mean_landing_distance_ft": 46.84,
        "max_landing_distance_ft": 150.0,
        "unreachable_segment_count": 0
      },
      "geometry": {
        "type": "LineString",
        "coordinates": [
          [
            -73.96305844846148,
            40.81094719154057
          ],
          [
            -73.96302338746449,
            40.81099518904069
          ],
          [
            -73.9629883264169,
            40.81104318652976
          ],
          [
            -73.96295326531876,
            40.81109118400781
          ],
          [
            -73.96291820417007,
            40.8111391814748
          ],
          [
            -73.96288314297077,
            40.81118717893079
          ],
          [
            -73.9628480817209,
            40.81123517637572
          ],
          [
            -73.96281302042048,
            40.81128317380959
          ],
          [
            -73.9627779590695,
            40.81133117123246
          ],
          [
            -73.96274289766792,
            40.81137916864427
          ],
          [
            -73.9627078362158,
            40.811427166045085
          ],
          [
            -73.9626727747131,
            40.81147516343482
          ],
          [
            -73.96263771315982,
            40.811523160813536
          ],
          [
            -73.96260265155598,
            40.811571158181216
          ],
          [
            -73.96256758990157,
            40.811619155537876
          ],
          [
            -73.96253252819659,
            40.811667152883466
          ],
          [
            -73.96249746644104,
            40.811715150218035
          ],
          [
            -73.96246240463489,
            40.81176314754158
          ],
          [
            -73.96242734277821,
            40.811811144854076
          ],
          [
            -73.96239228087093,
            40.811859142155534
          ],
          [
            -73.9623572189131,
            40.81190713944597
          ],
          [
            -73.96232215690468,
            40.811955136725324
          ],
          [
            -73.9622870948457,
            40.812003133993656
          ],
          [
            -73.96225203273615,
            40.812051131251
          ],
          [
            -73.96221697057602,
            40.81209912849728
          ],
          [
            -73.96218190836531,
            40.81214712573253
          ],
          [
            -73.96214684610405,
            40.81219512295673
          ],
          [
            -73.96211178379221,
            40.81224312016989
          ]
        ]
      }
    },
    {
      "type": "Feature",
      "properties": {
        "street_id": 93,
        "segment_count": 32,
        "valid_slope_segment_count": 32,
        "mean_abs_slope_pct": 16.8,
        "max_segment_slope_pct": 30.57,
        "slope_variation_range_pct": 30.14,
        "longest_continuous_steep_uphill_ft": 380.0,
        "continuous_steep_uphill_ratio_pct": 59.38,
        "landing_like_coverage_ratio_pct": 18.75,
        "mean_landing_distance_ft": 211.25,
        "max_landing_distance_ft": 510.0,
        "unreachable_segment_count": 0
      },
      "geometry": {
        "type": "LineString",
        "coordinates": [
          [
            -73.96485010564079,
            40.80670690298368
          ],
          [
            -73.96491342138296,
            40.80673333859356
          ],
          [
            -73.96497673717538,
            40.80675977416854
          ],
          [
            -73.96504005301809,
            40.806786209708655
          ],
          [
            -73.96510336891112,
            40.80681264521384
          ],
          [
            -73.96516668485442,
            40.80683908068415
          ],
          [
            -73.96523000084802,
            40.806865516119615
          ],
          [
            -73.96529331689193,
            40.80689195152017
          ],
          [
            -73.96535663298613,
            40.80691838688584
          ],
          [
            -73.96541994913062,
            40.806944822216586
          ],
          [
            -73.9654832653254,
            40.806971257512494
          ],
          [
            -73.96554658157048,
            40.806997692773486
          ],
          [
            -73.96560989786585,
            40.80702412799963
          ],
          [
            -73.9656732142115,
            40.807050563190835
          ],
          [
            -73.96573653060747,
            40.80707699834719
          ],
          [
            -73.96579984705373,
            40.80710343346865
          ],
          [
            -73.96586316355027,
            40.80712986855519
          ],
          [
            -73.96592648009712,
            40.807156303606874
          ],
          [
            -73.96598979669425,
            40.80718273862368
          ],
          [
            -73.9660531133417,
            40.80720917360558
          ],
          [
            -73.9661164300394,
            40.80723560855258
          ],
          [
            -73.96617974678742,
            40.80726204346473
          ],
          [
            -73.96624306358575,
            40.80728847834197
          ],
          [
            -73.96630638043436,
            40.80731491318433
          ],
          [
            -73.96636969733325,
            40.807341347991795
          ],
          [
            -73.96643301428244,
            40.8073677827644
          ],
          [
            -73.96649633128193,
            40.80739421750207
          ],
          [
            -73.96655964833172,
            40.80742065220489
          ],
          [
            -73.9666229654318,
            40.80744708687281
          ],
          [
            -73.96668628258216,
            40.80747352150585
          ],
          [
            -73.96674959978283,
            40.80749995610399
          ],
          [
            -73.9668129170338,
            40.80752639066725
          ],
          [
            -73.96687623433503,
            40.8075528251956
          ]
        ]
      }
    },
    {
      "type": "Feature",
      "properties": {
        "street_id": 94,
        "segment_count": 44,
        "valid_slope_segment_count": 44,
        "mean_abs_slope_pct": 2.35,
        "max_segment_slope_pct": 6.08,
        "slope_variation_range_pct": 5.97,
        "longest_continuous_steep_uphill_ft": 0.0,
        "continuous_steep_uphill_ratio_pct": 0.0,
        "landing_like_coverage_ratio_pct": 47.73,
        "mean_landing_distance_ft": 8.93,
        "max_landing_distance_ft": 51.45,
        "unreachable_segment_count": 0
      },
      "geometry": {
        "type": "LineString",
        "coordinates": [
          [
            -73.96200828459703,
            40.805509254768246
          ],
          [
            -73.9620714608511,
            40.80553588080442
          ],
          [
            -73.96213463715573,
            40.805562506805856
          ],
          [
            -73.96219781351091,
            40.80558913277258
          ],
          [
            -73.96226098991662,
            40.80561575870456
          ],
          [
            -73.96232416637287,
            40.8056423846018
          ],
          [
            -73.96238734287967,
            40.805669010464314
          ],
          [
            -73.96245051943701,
            40.80569563629208
          ],
          [
            -73.9625136960449,
            40.80572226208511
          ],
          [
            -73.96257687270332,
            40.805748887843414
          ],
          [
            -73.9626400494123,
            40.80577551356697
          ],
          [
            -73.96270322617183,
            40.80580213925579
          ],
          [
            -73.96276640298187,
            40.8058287649099
          ],
          [
            -73.96282957984248,
            40.80585539052924
          ],
          [
            -73.96289275675365,
            40.80588201611386
          ],
          [
            -73.96295593371534,
            40.805908641663734
          ],
          [
            -73.96301911072757,
            40.8059352671789
          ],
          [
            -73.96308228779034,
            40.8059618926593
          ],
          [
            -73.96314546490368,
            40.80598851810499
          ],
          [
            -73.96320864206754,
            40.80601514351592
          ],
          [
            -73.96327181928194,
            40.806041768892136
          ],
          [
            -73.96333499654692,
            40.80606839423358
          ],
          [
            -73.9633981738624,
            40.80609501954032
          ],
          [
            -73.96346135122845,
            40.8061216448123
          ],
          [
            -73.96352452864502,
            40.806148270049576
          ],
          [
            -73.96358770611216,
            40.8061748952521
          ],
          [
            -73.96365088362985,
            40.80620152041987
          ],
          [
            -73.96371406119806,
            40.80622814555292
          ],
          [
            -73.96377723881683,
            40.80625477065124
          ],
          [
            -73.96384041648614,
            40.80628139571482
          ],
          [
            -73.963903594206,
            40.80630802074364
          ],
          [
            -73.96396677197639,
            40.80633464573774
          ],
          [
            -73.96402994979735,
            40.80636127069713
          ],
          [
            -73.9640931276688,
            40.806387895621725
          ],
          [
            -73.96415630559083,
            40.80641452051163
          ],
          [
            -73.96421948356341,
            40.806441145366776
          ],
          [
            -73.96428266158651,
            40.80646777018719
          ],
          [
            -73.96434583966017,
            40.80649439497289
          ],
          [
            -73.96440901778438,
            40.806521019723824
          ],
          [
            -73.96447219595912,
            40.806547644440016
          ],
          [
            -73.96453537418442,
            40.806574269121505
          ],
          [
            -73.96459855246025,
            40.80660089376824
          ],
          [
            -73.96466173078662,
            40.80662751838023
          ],
          [
            -73.96472490916354,
            40.80665414295748
          ],
          [
            -73.964788087591,
            40.8066807675
          ]
        ]
      }
    },
    {
      "type": "Feature",
      "properties": {
        "street_id": 95,
        "segment_count": 30,
        "valid_slope_segment_count": 30,
        "mean_abs_slope_pct": 10.97,
        "max_segment_slope_pct": 15.99,
        "slope_variation_range_pct": 15.33,
        "longest_continuous_steep_uphill_ft": 260.0,
        "continuous_steep_uphill_ratio_pct": 43.33,
        "landing_like_coverage_ratio_pct": 6.67,
        "mean_landing_distance_ft": 98.0,
        "max_landing_distance_ft": 270.0,
        "unreachable_segment_count": 0
      },
      "geometry": {
        "type": "LineString",
        "coordinates": [
          [
            -73.96007467977043,
            40.804706012395364
          ],
          [
            -73.96013806768906,
            40.80473234531158
          ],
          [
            -73.96020145565784,
            40.804758678192805
          ],
          [
            -73.96026484367678,
            40.80478501103907
          ],
          [
            -73.96032823174586,
            40.80481134385036
          ],
          [
            -73.9603916198651,
            40.8048376766267
          ],
          [
            -73.96045500803451,
            40.80486400936809
          ],
          [
            -73.96051839625406,
            40.80489034207448
          ],
          [
            -73.96058178452378,
            40.80491667474591
          ],
          [
            -73.96064517284363,
            40.80494300738237
          ],
          [
            -73.96070856121366,
            40.804969339983884
          ],
          [
            -73.96077194963382,
            40.80499567255043
          ],
          [
            -73.96083533810415,
            40.80502200508202
          ],
          [
            -73.96089872662463,
            40.805048337578604
          ],
          [
            -73.96096211519527,
            40.80507467004025
          ],
          [
            -73.96102550381605,
            40.805101002466934
          ],
          [
            -73.961088892487,
            40.80512733485861
          ],
          [
            -73.96115228120809,
            40.80515366721539
          ],
          [
            -73.96121566997934,
            40.80517999953716
          ],
          [
            -73.96127905880074,
            40.80520633182396
          ],
          [
            -73.9613424476723,
            40.805232664075795
          ],
          [
            -73.96140583659403,
            40.80525899629267
          ],
          [
            -73.96146922556589,
            40.80528532847457
          ],
          [
            -73.96153261458791,
            40.805311660621506
          ],
          [
            -73.96159600366009,
            40.8053379927335
          ],
          [
            -73.96165939278241,
            40.8053643248105
          ],
          [
            -73.9617227819549,
            40.80539065685255
          ],
          [
            -73.96178617117754,
            40.80541698885961
          ],
          [
            -73.96184956045033,
            40.80544332083174
          ],
          [
            -73.96191294977329,
            40.80546965276888
          ],
          [
            -73.96197633914637,
            40.805495984671055
          ]
        ]
      }
    },
    {
      "type": "Feature",
      "properties": {
        "street_id": 96,
        "segment_count": 21,
        "valid_slope_segment_count": 21,
        "mean_abs_slope_pct": 10.97,
        "max_segment_slope_pct": 17.39,
        "slope_variation_range_pct": 13.21,
        "longest_continuous_steep_uphill_ft": 280.0,
        "continuous_steep_uphill_ratio_pct": 66.67,
        "landing_like_coverage_ratio_pct": 0.0,
        "mean_landing_distance_ft": 125.39,
        "max_landing_distance_ft": 230.0,
        "unreachable_segment_count": 0
      },
      "geometry": {
        "type": "LineString",
        "coordinates": [
          [
            -73.96801424745672,
            40.80472362253299
          ],
          [
            -73.96807447658159,
            40.8047539356448
          ],
          [
            -73.9681269383704,
            40.804791675323145
          ],
          [
            -73.96816361256306,
            40.804838970310776
          ],
          [
            -73.96817770540297,
            40.80489281017694
          ],
          [
            -73.96817645093188,
            40.80494769639594
          ],
          [
            -73.9681646491746,
            40.80500185344556
          ],
          [
            -73.96814832959518,
            40.80505532895925
          ],
          [
            -73.96812838844934,
            40.805108090762886
          ],
          [
            -73.96810470168187,
            40.80515995072282
          ],
          [
            -73.96807875830785,
            40.80521118343918
          ],
          [
            -73.96805281489394,
            40.80526241614926
          ],
          [
            -73.96802687144006,
            40.80531364885312
          ],
          [
            -73.96799898989288,
            40.80536429032987
          ],
          [
            -73.96797089992928,
            40.8054148652686
          ],
          [
            -73.96794280992297,
            40.80546544020009
          ],
          [
            -73.96791573347905,
            40.80551633330703
          ],
          [
            -73.96790656044985,
            40.80557078348446
          ],
          [
            -73.96792725398511,
            40.8056233777691
          ],
          [
            -73.96797278472783,
            40.80566599788009
          ],
          [
            -73.96803325717272,
            40.80569603097406
          ],
          [
            -73.96809469598703,
            40.80572490946351
          ]
        ]
      }
    },
    {
      "type": "Feature",
      "properties": {
        "street_id": 98,
        "segment_count": 13,
        "valid_slope_segment_count": 13,
        "mean_abs_slope_pct": 6.2,
        "max_segment_slope_pct": 14.0,
        "slope_variation_range_pct": 13.16,
        "longest_continuous_steep_uphill_ft": 60.0,
        "continuous_steep_uphill_ratio_pct": 23.08,
        "landing_like_coverage_ratio_pct": 7.69,
        "mean_landing_distance_ft": 110.77,
        "max_landing_distance_ft": 230.0,
        "unreachable_segment_count": 0
      },
      "geometry": {
        "type": "LineString",
        "coordinates": [
          [
            -73.96119828687436,
            40.8160452928563
          ],
          [
            -73.96121210398027,
            40.81609917421864
          ],
          [
            -73.9612248900606,
            40.81615320229399
          ],
          [
            -73.96123688678014,
            40.81620733476483
          ],
          [
            -73.96124973843135,
            40.8162613538616
          ],
          [
            -73.96126115086892,
            40.816315559203744
          ],
          [
            -73.96126787837713,
            40.816370215139216
          ],
          [
            -73.96127113105453,
            40.816425053883414
          ],
          [
            -73.96127197081374,
            40.81647994456921
          ],
          [
            -73.96126964725751,
            40.816534810571255
          ],
          [
            -73.96126355036066,
            40.81658950919161
          ],
          [
            -73.96125505201826,
            40.81664402257448
          ],
          [
            -73.96124371382427,
            40.81669823691323
          ],
          [
            -73.96122836957541,
            40.816751879235504
          ]
        ]
      }
    },
    {
      "type": "Feature",
      "properties": {
        "street_id": 99,
        "segment_count": 44,
        "valid_slope_segment_count": 44,
        "mean_abs_slope_pct": 6.31,
        "max_segment_slope_pct": 12.79,
        "slope_variation_range_pct": 12.67,
        "longest_continuous_steep_uphill_ft": 360.0,
        "continuous_steep_uphill_ratio_pct": 40.91,
        "landing_like_coverage_ratio_pct": 25.0,
        "mean_landing_distance_ft": 68.41,
        "max_landing_distance_ft": 230.0,
        "unreachable_segment_count": 0
      },
      "geometry": {
        "type": "LineString",
        "coordinates": [
          [
            -73.96205558562619,
            40.81053327542622
          ],
          [
            -73.96199236557625,
            40.81050670297787
          ],
          [
            -73.96192914557678,
            40.81048013049478
          ],
          [
            -73.96186592562779,
            40.81045355797695
          ],
          [
            -73.96180270572928,
            40.81042698542428
          ],
          [
            -73.96173948588128,
            40.81040041283687
          ],
          [
            -73.96167626608373,
            40.81037384021465
          ],
          [
            -73.96161304633667,
            40.81034726755767
          ],
          [
            -73.9615498266401,
            40.81032069486587
          ],
          [
            -73.96148660699399,
            40.810294122139325
          ],
          [
            -73.96142338739838,
            40.81026754937801
          ],
          [
            -73.96136016785326,
            40.81024097658187
          ],
          [
            -73.9612969483586,
            40.810214403750976
          ],
          [
            -73.96123372891442,
            40.810187830885305
          ],
          [
            -73.96117050952074,
            40.81016125798484
          ],
          [
            -73.96110729017754,
            40.810134685049604
          ],
          [
            -73.96104407088481,
            40.810108112079604
          ],
          [
            -73.96098085164255,
            40.81008153907481
          ],
          [
            -73.9609176324508,
            40.81005496603521
          ],
          [
            -73.96085441330952,
            40.81002839296084
          ],
          [
            -73.96079119421869,
            40.810001819851706
          ],
          [
            -73.96072797517837,
            40.80997524670777
          ],
          [
            -73.96066475618854,
            40.80994867352909
          ],
          [
            -73.96060153724916,
            40.80992210031561
          ],
          [
            -73.9605383183603,
            40.809895527067326
          ],
          [
            -73.9604750995219,
            40.809868953784296
          ],
          [
            -73.96041188073397,
            40.80984238046648
          ],
          [
            -73.96034866199653,
            40.809815807113864
          ],
          [
            -73.9602854433096,
            40.80978923372649
          ],
          [
            -73.96022222467312,
            40.80976266030434
          ],
          [
            -73.96015900608712,
            40.809736086847366
          ],
          [
            -73.96009578755161,
            40.80970951335563
          ],
          [
            -73.96003256906658,
            40.80968293982916
          ],
          [
            -73.95996935063202,
            40.80965636626786
          ],
          [
            -73.95990613224798,
            40.80962979267178
          ],
          [
            -73.95984291391437,
            40.80960321904094
          ],
          [
            -73.95977969563127,
            40.80957664537531
          ],
          [
            -73.95971647739866,
            40.80955007167494
          ],
          [
            -73.95965325921651,
            40.809523497939765
          ],
          [
            -73.95959004108485,
            40.80949692416977
          ],
          [
            -73.95952682300366,
            40.80947035036502
          ],
          [
            -73.95946360497297,
            40.80944377652551
          ],
          [
            -73.95940038699275,
            40.80941720265121
          ],
          [
            -73.959337169063,
            40.80939062874213
          ],
          [
            -73.95927395118376,
            40.80936405479828
          ]
        ]
      }
    },
    {
      "type": "Feature",
      "properties": {
        "street_id": 100,
        "segment_count": 45,
        "valid_slope_segment_count": 45,
        "mean_abs_slope_pct": 20.24,
        "max_segment_slope_pct": 69.05,
        "slope_variation_range_pct": 68.33,
        "longest_continuous_steep_uphill_ft": 420.0,
        "continuous_steep_uphill_ratio_pct": 46.67,
        "landing_like_coverage_ratio_pct": 4.44,
        "mean_landing_distance_ft": 100.26,
        "max_landing_distance_ft": 230.17,
        "unreachable_segment_count": 0
      },
      "geometry": {
        "type": "LineString",
        "coordinates": [
          [
            -73.95780889098465,
            40.81126477911368
          ],
          [
            -73.95787214478064,
            40.81129130614847
          ],
          [
            -73.95793539862701,
            40.811317833148436
          ],
          [
            -73.95799865252386,
            40.81134436011361
          ],
          [
            -73.9580619064711,
            40.811370887043964
          ],
          [
            -73.95812516046877,
            40.81139741393948
          ],
          [
            -73.95818841451685,
            40.81142394080015
          ],
          [
            -73.95825166861536,
            40.81145046762606
          ],
          [
            -73.9583149227643,
            40.811476994417134
          ],
          [
            -73.95837817696365,
            40.81150352117338
          ],
          [
            -73.95844143121343,
            40.81153004789481
          ],
          [
            -73.95850468551362,
            40.81155657458143
          ],
          [
            -73.95856793986425,
            40.81158310123323
          ],
          [
            -73.9586311942653,
            40.81160962785019
          ],
          [
            -73.95869444871676,
            40.81163615443236
          ],
          [
            -73.95875770321864,
            40.811662680979715
          ],
          [
            -73.95882095777095,
            40.81168920749222
          ],
          [
            -73.95888421237368,
            40.81171573396993
          ],
          [
            -73.95894746702683,
            40.81174226041283
          ],
          [
            -73.95901072173042,
            40.811768786820885
          ],
          [
            -73.9590739764844,
            40.811795313194125
          ],
          [
            -73.95913723128884,
            40.81182183953255
          ],
          [
            -73.95920048614369,
            40.81184836583616
          ],
          [
            -73.95926374104896,
            40.81187489210496
          ],
          [
            -73.95932699600463,
            40.81190141833894
          ],
          [
            -73.95939025101075,
            40.81192794453809
          ],
          [
            -73.95945350606726,
            40.81195447070244
          ],
          [
            -73.95951676117423,
            40.811980996831934
          ],
          [
            -73.95958001633161,
            40.81200752292664
          ],
          [
            -73.95964327153939,
            40.81203404898652
          ],
          [
            -73.95970652679762,
            40.812060575011586
          ],
          [
            -73.95976978210625,
            40.812087101001815
          ],
          [
            -73.95983303746533,
            40.81211362695724
          ],
          [
            -73.95989629287482,
            40.812140152877845
          ],
          [
            -73.95995954833472,
            40.81216667876363
          ],
          [
            -73.96002280384505,
            40.81219320461461
          ],
          [
            -73.9600860594058,
            40.81221973043074
          ],
          [
            -73.96014931501698,
            40.81224625621205
          ],
          [
            -73.96021257067858,
            40.812272781958576
          ],
          [
            -73.96027582639061,
            40.81229930767026
          ],
          [
            -73.96033908215303,
            40.81232583334713
          ],
          [
            -73.9604023379659,
            40.81235235898918
          ],
          [
            -73.96046559382917,
            40.8123788845964
          ],
          [
            -73.96052884974289,
            40.81240541016881
          ],
          [
            -73.960592105707,
            40.81243193570638
          ],
          [
            -73.96065536172158,
            40.81245846120918
          ]
        ]
      }
    },
    {
      "type": "Feature",
      "properties": {
        "street_id": 101,
        "segment_count": 45,
        "valid_slope_segment_count": 45,
        "mean_abs_slope_pct": 10.25,
        "max_segment_slope_pct": 18.68,
        "slope_variation_range_pct": 17.3,
        "longest_continuous_steep_uphill_ft": 300.0,
        "continuous_steep_uphill_ratio_pct": 33.33,
        "landing_like_coverage_ratio_pct": 4.44,
        "mean_landing_distance_ft": 187.33,
        "max_landing_distance_ft": 410.0,
        "unreachable_segment_count": 0
      },
      "geometry": {
        "type": "LineString",
        "coordinates": [
          [
            -73.95496655686003,
            40.810064554601674
          ],
          [
            -73.9550297071132,
            40.81009122211703
          ],
          [
            -73.955092857417,
            40.810117889597706
          ],
          [
            -73.95515600777141,
            40.81014455704366
          ],
          [
            -73.95521915817642,
            40.81017122445492
          ],
          [
            -73.95528230863202,
            40.81019789183146
          ],
          [
            -73.95534545913823,
            40.810224559173285
          ],
          [
            -73.95540860969504,
            40.81025122648044
          ],
          [
            -73.95547176030247,
            40.81027789375287
          ],
          [
            -73.95553491096051,
            40.81030456099058
          ],
          [
            -73.95559806166916,
            40.810331228193576
          ],
          [
            -73.9556612124284,
            40.8103578953619
          ],
          [
            -73.95572436323825,
            40.81038456249548
          ],
          [
            -73.9557875140987,
            40.810411229594386
          ],
          [
            -73.95585066500976,
            40.81043789665858
          ],
          [
            -73.95591381597141,
            40.81046456368804
          ],
          [
            -73.9559769669837,
            40.810491230682835
          ],
          [
            -73.95604011804656,
            40.81051789764292
          ],
          [
            -73.95610326916004,
            40.810544564568275
          ],
          [
            -73.95616642032414,
            40.81057123145894
          ],
          [
            -73.95622957153884,
            40.81059789831487
          ],
          [
            -73.95629272280414,
            40.81062456513611
          ],
          [
            -73.95635587412005,
            40.81065123192266
          ],
          [
            -73.95641902548653,
            40.81067789867449
          ],
          [
            -73.95648217690365,
            40.8107045653916
          ],
          [
            -73.95654532837136,
            40.81073123207402
          ],
          [
            -73.95660847988968,
            40.810757898721754
          ],
          [
            -73.9566716314586,
            40.81078456533474
          ],
          [
            -73.95673478307815,
            40.81081123191304
          ],
          [
            -73.95679793474828,
            40.810837898456626
          ],
          [
            -73.95686108646902,
            40.810864564965534
          ],
          [
            -73.95692423824038,
            40.8108912314397
          ],
          [
            -73.95698739006232,
            40.81091789787916
          ],
          [
            -73.95705054193489,
            40.810944564283886
          ],
          [
            -73.95711369385805,
            40.810971230653955
          ],
          [
            -73.95717684583184,
            40.81099789698928
          ],
          [
            -73.9572399978562,
            40.811024563289955
          ],
          [
            -73.95730314993118,
            40.811051229555865
          ],
          [
            -73.95736630205676,
            40.81107789578709
          ],
          [
            -73.95742945423295,
            40.8111045619836
          ],
          [
            -73.95749260645975,
            40.811131228145406
          ],
          [
            -73.95755575873716,
            40.81115789427251
          ],
          [
            -73.95761891106515,
            40.81118456036489
          ],
          [
            -73.95768206344377,
            40.811211226422586
          ],
          [
            -73.95774521587298,
            40.81123789244554
          ],
          [
            -73.9578083683528,
            40.811264558433834
          ]
        ]
      }
    },
    {
      "type": "Feature",
      "properties": {
        "street_id": 102,
        "segment_count": 1,
        "valid_slope_segment_count": 1,
        "mean_abs_slope_pct": 5.79,
        "max_segment_slope_pct": 5.79,
        "slope_variation_range_pct": 0.0,
        "longest_continuous_steep_uphill_ft": 0.0,
        "continuous_steep_uphill_ratio_pct": 0.0,
        "landing_like_coverage_ratio_pct": 0.0,
        "mean_landing_distance_ft": 32.86,
        "max_landing_distance_ft": 32.86,
        "unreachable_segment_count": 0
      },
      "geometry": {
        "type": "LineString",
        "coordinates": [
          [
            -73.95489438014333,
            40.810034047870275
          ],
          [
            -73.95495751694344,
            40.81006073372939
          ]
        ]
      }
    },
    {
      "type": "Feature",
      "properties": {
        "street_id": 103,
        "segment_count": 19,
        "valid_slope_segment_count": 19,
        "mean_abs_slope_pct": 12.1,
        "max_segment_slope_pct": 178.17,
        "slope_variation_range_pct": 177.18,
        "longest_continuous_steep_uphill_ft": 20.0,
        "continuous_steep_uphill_ratio_pct": 5.26,
        "landing_like_coverage_ratio_pct": 26.32,
        "mean_landing_distance_ft": 41.05,
        "max_landing_distance_ft": 150.0,
        "unreachable_segment_count": 0
      },
      "geometry": {
        "type": "LineString",
        "coordinates": [
          [
            -73.96121940702909,
            40.81678228968691
          ],
          [
            -73.96127254569178,
            40.816745092988945
          ],
          [
            -73.96132568429506,
            40.816707896266244
          ],
          [
            -73.9613742280206,
            40.816667235907126
          ],
          [
            -73.96142131963475,
            40.81662560156357
          ],
          [
            -73.96147040826287,
            40.81658532061057
          ],
          [
            -73.96152001939998,
            40.81654541087272
          ],
          [
            -73.96157158628037,
            40.816506958657094
          ],
          [
            -73.96162360764274,
            40.816468861442615
          ],
          [
            -73.96167753484706,
            40.81643232584964
          ],
          [
            -73.96173185182865,
            40.81639612508304
          ],
          [
            -73.96178801603648,
            40.81636158961141
          ],
          [
            -73.96184450897549,
            40.81632736503924
          ],
          [
            -73.96190278175716,
            40.8162949086102
          ],
          [
            -73.96196132619951,
            40.81626273562551
          ],
          [
            -73.96201566164761,
            40.81622655097676
          ],
          [
            -73.96206699347476,
            40.816187917847365
          ],
          [
            -73.96211531682195,
            40.81614710650832
          ],
          [
            -73.96216047269473,
            40.816104252492195
          ],
          [
            -73.9622018375563,
            40.816059243765146
          ]
        ]
      }
    },
    {
      "type": "Feature",
      "properties": {
        "street_id": 104,
        "segment_count": 5,
        "valid_slope_segment_count": 5,
        "mean_abs_slope_pct": 1.93,
        "max_segment_slope_pct": 3.07,
        "slope_variation_range_pct": 2.93,
        "longest_continuous_steep_uphill_ft": 0.0,
        "continuous_steep_uphill_ratio_pct": 0.0,
        "landing_like_coverage_ratio_pct": 40.0,
        "mean_landing_distance_ft": 18.0,
        "max_landing_distance_ft": 50.0,
        "unreachable_segment_count": 0
      },
      "geometry": {
        "type": "LineString",
        "coordinates": [
          [
            -73.96220620199597,
            40.81605449485387
          ],
          [
            -73.96216029762095,
            40.81609688735423
          ],
          [
            -73.96211014258691,
            40.81613640251932
          ],
          [
            -73.96205640006174,
            40.81617309464204
          ],
          [
            -73.96199948762748,
            40.816206915553664
          ],
          [
            -73.96193940684091,
            40.81623740989512
          ]
        ]
      }
    },
    {
      "type": "Feature",
      "properties": {
        "street_id": 105,
        "segment_count": 90,
        "valid_slope_segment_count": 90,
        "mean_abs_slope_pct": 5.56,
        "max_segment_slope_pct": 15.57,
        "slope_variation_range_pct": 15.52,
        "longest_continuous_steep_uphill_ft": 300.0,
        "continuous_steep_uphill_ratio_pct": 16.67,
        "landing_like_coverage_ratio_pct": 14.44,
        "mean_landing_distance_ft": 135.44,
        "max_landing_distance_ft": 510.0,
        "unreachable_segment_count": 0
      },
      "geometry": {
        "type": "LineString",
        "coordinates": [
          [
            -73.96402909019959,
            40.811345217549345
          ],
          [
            -73.96401117856819,
            40.81139839831346
          ],
          [
            -73.96399326690813,
            40.811451579074316
          ],
          [
            -73.96397807551946,
            40.81150524635267
          ],
          [
            -73.96396388863204,
            40.811559072114036
          ],
          [
            -73.96395144105844,
            40.81161314572401
          ],
          [
            -73.96394101862616,
            40.81166746599415
          ],
          [
            -73.9639313333835,
            40.811721864971936
          ],
          [
            -73.9639247045643,
            40.81177652787585
          ],
          [
            -73.96391807573421,
            40.8118311907789
          ],
          [
            -73.9639149778232,
            40.81188603472891
          ],
          [
            -73.96391216116398,
            40.81194088743244
          ],
          [
            -73.96391415879965,
            40.81199576087971
          ],
          [
            -73.96391865359698,
            40.81205054898204
          ],
          [
            -73.9639231484017,
            40.812105337083715
          ],
          [
            -73.96392589936109,
            40.81216019171032
          ],
          [
            -73.96392741433607,
            40.812215074072704
          ],
          [
            -73.96392892931357,
            40.812269956434626
          ],
          [
            -73.96392891713732,
            40.81232485086435
          ],
          [
            -73.96392744968662,
            40.81237973397075
          ],
          [
            -73.9639259822335,
            40.812434617076654
          ],
          [
            -73.96392320691373,
            40.81248947099237
          ],
          [
            -73.96391875951589,
            40.812544261324746
          ],
          [
            -73.96391431211072,
            40.81259905165647
          ],
          [
            -73.96390877771175,
            40.81265378480097
          ],
          [
            -73.96390135792306,
            40.81270838899873
          ],
          [
            -73.96389393812218,
            40.81276299319553
          ],
          [
            -73.96388549685389,
            40.81281751168708
          ],
          [
            -73.96387458589905,
            40.812871776563775
          ],
          [
            -73.96386367492643,
            40.81292604143898
          ],
          [
            -73.96384932135066,
            40.812979841718054
          ],
          [
            -73.96383247574354,
            40.81303322326447
          ],
          [
            -73.96381562969657,
            40.8130866047328
          ],
          [
            -73.96379258064651,
            40.8131386309816
          ],
          [
            -73.96376580353187,
            40.81318961631941
          ],
          [
            -73.96373902637619,
            40.81324060165061
          ],
          [
            -73.96371224917948,
            40.81329158697517
          ],
          [
            -73.96368547194177,
            40.8133425722931
          ],
          [
            -73.963658694663,
            40.81339355760433
          ],
          [
            -73.9636319173432,
            40.813444542908975
          ],
          [
            -73.96360513998239,
            40.81349552820698
          ],
          [
            -73.96357836258055,
            40.813546513498316
          ],
          [
            -73.96355158513768,
            40.81359749878302
          ],
          [
            -73.9635248076538,
            40.813648484061076
          ],
          [
            -73.96349803012886,
            40.81369946933248
          ],
          [
            -73.9634712525629,
            40.81375045459726
          ],
          [
            -73.96344447495593,
            40.8138014398554
          ],
          [
            -73.96341769730792,
            40.81385242510689
          ],
          [
            -73.96339091961887,
            40.81390341035172
          ],
          [
            -73.9633641418888,
            40.81395439558993
          ],
          [
            -73.96333736411773,
            40.814005380821506
          ],
          [
            -73.96331058630561,
            40.814056366046415
          ],
          [
            -73.96328380843093,
            40.81410735125816
          ],
          [
            -73.96325703048161,
            40.81415833645311
          ],
          [
            -73.96323025249131,
            40.814209321641364
          ],
          [
            -73.96320347445995,
            40.814260306823016
          ],
          [
            -73.96317669638756,
            40.81431129199801
          ],
          [
            -73.96314991827417,
            40.81436227716638
          ],
          [
            -73.96312314011972,
            40.81441326232807
          ],
          [
            -73.96309636192424,
            40.81446424748312
          ],
          [
            -73.96306958368775,
            40.814515232631564
          ],
          [
            -73.96304280541023,
            40.81456621777333
          ],
          [
            -73.96301602709167,
            40.81461720290846
          ],
          [
            -73.96298924873209,
            40.81466818803696
          ],
          [
            -73.96296247033148,
            40.81471917315881
          ],
          [
            -73.96293569188983,
            40.814770158274015
          ],
          [
            -73.96290891340715,
            40.81482114338258
          ],
          [
            -73.96288213488344,
            40.814872128484495
          ],
          [
            -73.96285535631871,
            40.81492311357977
          ],
          [
            -73.96282857771294,
            40.81497409866842
          ],
          [
            -73.96280179906616,
            40.81502508375039
          ],
          [
            -73.96277502037832,
            40.815076068825746
          ],
          [
            -73.96274824164948,
            40.81512705389443
          ],
          [
            -73.9627214628796,
            40.81517803895649
          ],
          [
            -73.96269468406867,
            40.81522902401187
          ],
          [
            -73.96266790521673,
            40.815280009060636
          ],
          [
            -73.96264112632375,
            40.81533099410277
          ],
          [
            -73.96261434738975,
            40.81538197913827
          ],
          [
            -73.9625875684147,
            40.81543296416708
          ],
          [
            -73.96256078939864,
            40.81548394918932
          ],
          [
            -73.96253401034153,
            40.81553493420483
          ],
          [
            -73.9625072312434,
            40.81558591921375
          ],
          [
            -73.96248045210423,
            40.81563690421598
          ],
          [
            -73.96245367292404,
            40.8156878892116
          ],
          [
            -73.96242751693512,
            40.815739060604905
          ],
          [
            -73.96240360815386,
            40.81579086263634
          ],
          [
            -73.96237592259332,
            40.81584156744569
          ],
          [
            -73.96234404157583,
            40.81589082931043
          ],
          [
            -73.96230925842306,
            40.81593894440892
          ],
          [
            -73.96227060859914,
            40.81598532515749
          ],
          [
            -73.96222923137235,
            40.81603032729992
          ]
        ]
      }
    },
    {
      "type": "Feature",
      "properties": {
        "street_id": 106,
        "segment_count": 1,
        "valid_slope_segment_count": 1,
        "mean_abs_slope_pct": 1.49,
        "max_segment_slope_pct": 1.49,
        "slope_variation_range_pct": 0.0,
        "longest_continuous_steep_uphill_ft": 0.0,
        "continuous_steep_uphill_ratio_pct": 0.0,
        "landing_like_coverage_ratio_pct": 100.0,
        "mean_landing_distance_ft": 0.0,
        "max_landing_distance_ft": 0.0,
        "unreachable_segment_count": 0
      },
      "geometry": {
        "type": "LineString",
        "coordinates": [
          [
            -73.96405438854006,
            40.81128107206084
          ],
          [
            -73.96403364979737,
            40.81133365642007
          ]
        ]
      }
    },
    {
      "type": "Feature",
      "properties": {
        "street_id": 107,
        "segment_count": 1,
        "valid_slope_segment_count": 1,
        "mean_abs_slope_pct": 3.27,
        "max_segment_slope_pct": 3.27,
        "slope_variation_range_pct": 0.0,
        "longest_continuous_steep_uphill_ft": 0.0,
        "continuous_steep_uphill_ratio_pct": 0.0,
        "landing_like_coverage_ratio_pct": 0.0,
        "mean_landing_distance_ft": 110.0,
        "max_landing_distance_ft": 110.0,
        "unreachable_segment_count": 0
      },
      "geometry": {
        "type": "LineString",
        "coordinates": [
          [
            -73.95782820926118,
            40.81515605916535
          ],
          [
            -73.95776523722917,
            40.81518297536436
          ]
        ]
      }
    },
    {
      "type": "Feature",
      "properties": {
        "street_id": 108,
        "segment_count": 2,
        "valid_slope_segment_count": 2,
        "mean_abs_slope_pct": 12.04,
        "max_segment_slope_pct": 13.95,
        "slope_variation_range_pct": 3.83,
        "longest_continuous_steep_uphill_ft": 40.0,
        "continuous_steep_uphill_ratio_pct": 100.0,
        "landing_like_coverage_ratio_pct": 0.0,
        "mean_landing_distance_ft": 618.54,
        "max_landing_distance_ft": 628.54,
        "unreachable_segment_count": 0
      },
      "geometry": {
        "type": "LineString",
        "coordinates": [
          [
            -73.95829446622366,
            40.81569080088808
          ],
          [
            -73.95825997736578,
            40.81573903806976
          ],
          [
            -73.9582254884579,
            40.81578727524073
          ]
        ]
      }
    },
    {
      "type": "Feature",
      "properties": {
        "street_id": 109,
        "segment_count": 11,
        "valid_slope_segment_count": 11,
        "mean_abs_slope_pct": 13.1,
        "max_segment_slope_pct": 32.54,
        "slope_variation_range_pct": 29.34,
        "longest_continuous_steep_uphill_ft": 120.0,
        "continuous_steep_uphill_ratio_pct": 54.55,
        "landing_like_coverage_ratio_pct": 0.0,
        "mean_landing_distance_ft": 110.0,
        "max_landing_distance_ft": 210.0,
        "unreachable_segment_count": 0
      },
      "geometry": {
        "type": "LineString",
        "coordinates": [
          [
            -73.95871381164258,
            40.81511468298437
          ],
          [
            -73.95867884571017,
            40.8151627213888
          ],
          [
            -73.9586438797273,
            40.81521075978226
          ],
          [
            -73.95860891369394,
            40.81525879816474
          ],
          [
            -73.9585739476101,
            40.81530683653622
          ],
          [
            -73.95853898147577,
            40.815354874896755
          ],
          [
            -73.95850401529098,
            40.81540291324629
          ],
          [
            -73.95846904905572,
            40.81545095158484
          ],
          [
            -73.95843408276994,
            40.81549898991244
          ],
          [
            -73.95839911643372,
            40.81554702822902
          ],
          [
            -73.958364150047,
            40.81559506653462
          ],
          [
            -73.9583291836098,
            40.81564310482928
          ]
        ]
      }
    },
    {
      "type": "Feature",
      "properties": {
        "street_id": 110,
        "segment_count": 27,
        "valid_slope_segment_count": 27,
        "mean_abs_slope_pct": 13.49,
        "max_segment_slope_pct": 19.68,
        "slope_variation_range_pct": 11.93,
        "longest_continuous_steep_uphill_ft": 280.0,
        "continuous_steep_uphill_ratio_pct": 51.85,
        "landing_like_coverage_ratio_pct": 0.0,
        "mean_landing_distance_ft": 271.42,
        "max_landing_distance_ft": 531.42,
        "unreachable_segment_count": 0
      },
      "geometry": {
        "type": "LineString",
        "coordinates": [
          [
            -73.95967965085507,
            40.813781734309416
          ],
          [
            -73.95964480675855,
            40.81382982350387
          ],
          [
            -73.95960996261165,
            40.81387791268741
          ],
          [
            -73.95957511841443,
            40.813926001860075
          ],
          [
            -73.95954027416684,
            40.8139740910218
          ],
          [
            -73.95950542986891,
            40.81402218017265
          ],
          [
            -73.95947058552062,
            40.81407026931257
          ],
          [
            -73.95943574112196,
            40.81411835844162
          ],
          [
            -73.95940089667296,
            40.814166447559735
          ],
          [
            -73.9593660521736,
            40.81421453666694
          ],
          [
            -73.95933120762389,
            40.81426262576322
          ],
          [
            -73.95929636302382,
            40.81431071484862
          ],
          [
            -73.9592615183734,
            40.81435880392309
          ],
          [
            -73.95922667367262,
            40.81440689298666
          ],
          [
            -73.95919182892148,
            40.81445498203932
          ],
          [
            -73.95915698411999,
            40.814503071081106
          ],
          [
            -73.95912213926812,
            40.81455116011195
          ],
          [
            -73.95908729436591,
            40.81459924913191
          ],
          [
            -73.95905244941335,
            40.81464733814094
          ],
          [
            -73.95901760441043,
            40.81469542713907
          ],
          [
            -73.95898275935716,
            40.814743516126285
          ],
          [
            -73.95894791425353,
            40.8147916051026
          ],
          [
            -73.95891306909952,
            40.81483969406799
          ],
          [
            -73.9588782238952,
            40.814887783022485
          ],
          [
            -73.95884337864051,
            40.81493587196607
          ],
          [
            -73.95880853333543,
            40.81498396089874
          ],
          [
            -73.95877368798001,
            40.81503204982051
          ],
          [
            -73.95873884257423,
            40.815080138731375
          ]
        ]
      }
    },
    {
      "type": "Feature",
      "properties": {
        "street_id": 111,
        "segment_count": 27,
        "valid_slope_segment_count": 27,
        "mean_abs_slope_pct": 35.15,
        "max_segment_slope_pct": 180.15,
        "slope_variation_range_pct": 179.66,
        "longest_continuous_steep_uphill_ft": 140.0,
        "continuous_steep_uphill_ratio_pct": 25.93,
        "landing_like_coverage_ratio_pct": 18.52,
        "mean_landing_distance_ft": 46.67,
        "max_landing_distance_ft": 130.0,
        "unreachable_segment_count": 0
      },
      "geometry": {
        "type": "LineString",
        "coordinates": [
          [
            -73.96065635415925,
            40.812458877373224
          ],
          [
            -73.96062073990134,
            40.812506639484646
          ],
          [
            -73.9605851255923,
            40.81255440158469
          ],
          [
            -73.9605495112322,
            40.8126021636733
          ],
          [
            -73.96051389682093,
            40.81264992575061
          ],
          [
            -73.96047828235854,
            40.81269768781655
          ],
          [
            -73.96044266784504,
            40.812745449871066
          ],
          [
            -73.96040705328043,
            40.81279321191426
          ],
          [
            -73.96037143866471,
            40.81284097394606
          ],
          [
            -73.96033582399788,
            40.81288873596648
          ],
          [
            -73.9603002092799,
            40.81293649797555
          ],
          [
            -73.96026459451083,
            40.81298425997322
          ],
          [
            -73.96022897969064,
            40.81303202195951
          ],
          [
            -73.9601933648193,
            40.81307978393444
          ],
          [
            -73.96015803539625,
            40.81312766813896
          ],
          [
            -73.96012293922846,
            40.81317565126661
          ],
          [
            -73.96008784301007,
            40.81322363438321
          ],
          [
            -73.96005274674106,
            40.81327161748876
          ],
          [
            -73.96001765042143,
            40.813319600583235
          ],
          [
            -73.95998255405121,
            40.81336758366664
          ],
          [
            -73.95994745763038,
            40.81341556673904
          ],
          [
            -73.95991236115894,
            40.813463549800325
          ],
          [
            -73.95987726463692,
            40.81351153285056
          ],
          [
            -73.95984216806426,
            40.81355951588976
          ],
          [
            -73.959807071441,
            40.81360749891787
          ],
          [
            -73.95977197476712,
            40.813655481934944
          ],
          [
            -73.95973687804268,
            40.81370346494097
          ],
          [
            -73.95970178126758,
            40.8137514479359
          ]
        ]
      }
    },
    {
      "type": "Feature",
      "properties": {
        "street_id": 112,
        "segment_count": 13,
        "valid_slope_segment_count": 13,
        "mean_abs_slope_pct": 21.86,
        "max_segment_slope_pct": 230.78,
        "slope_variation_range_pct": 230.74,
        "longest_continuous_steep_uphill_ft": 60.0,
        "continuous_steep_uphill_ratio_pct": 23.08,
        "landing_like_coverage_ratio_pct": 61.54,
        "mean_landing_distance_ft": 5.38,
        "max_landing_distance_ft": 30.0,
        "unreachable_segment_count": 0
      },
      "geometry": {
        "type": "LineString",
        "coordinates": [
          [
            -73.96111106551437,
            40.81183030123395
          ],
          [
            -73.96107626523927,
            40.81187840833079
          ],
          [
            -73.96104146491389,
            40.81192651541677
          ],
          [
            -73.96100666453817,
            40.811974622491846
          ],
          [
            -73.96097186411215,
            40.81202272955608
          ],
          [
            -73.96093706363582,
            40.81207083660938
          ],
          [
            -73.96090226310918,
            40.812118943651846
          ],
          [
            -73.96086746253222,
            40.812167050683385
          ],
          [
            -73.96083266190497,
            40.81221515770408
          ],
          [
            -73.96079786122739,
            40.81226326471388
          ],
          [
            -73.96076306049952,
            40.81231137171282
          ],
          [
            -73.96072825972135,
            40.812359478700856
          ],
          [
            -73.96069345889283,
            40.81240758567802
          ],
          [
            -73.96065865801403,
            40.8124556926443
          ]
        ]
      }
    },
    {
      "type": "Feature",
      "properties": {
        "street_id": 113,
        "segment_count": 13,
        "valid_slope_segment_count": 13,
        "mean_abs_slope_pct": 23.87,
        "max_segment_slope_pct": 49.68,
        "slope_variation_range_pct": 43.44,
        "longest_continuous_steep_uphill_ft": 100.0,
        "continuous_steep_uphill_ratio_pct": 38.46,
        "landing_like_coverage_ratio_pct": 0.0,
        "mean_landing_distance_ft": 65.68,
        "max_landing_distance_ft": 130.0,
        "unreachable_segment_count": 0
      },
      "geometry": {
        "type": "LineString",
        "coordinates": [
          [
            -73.96156937865564,
            40.811205365159935
          ],
          [
            -73.96153421161274,
            40.81125331790858
          ],
          [
            -73.96149904451917,
            40.811301270646084
          ],
          [
            -73.9614638773749,
            40.81134922337255
          ],
          [
            -73.96142871017997,
            40.81139717608788
          ],
          [
            -73.96139354293436,
            40.81144512879211
          ],
          [
            -73.9613583756381,
            40.811493081485246
          ],
          [
            -73.96132320829112,
            40.8115410341673
          ],
          [
            -73.9612880408935,
            40.8115889868382
          ],
          [
            -73.96125287344519,
            40.81163693949804
          ],
          [
            -73.96121770594621,
            40.811684892146786
          ],
          [
            -73.96118253839654,
            40.81173284478441
          ],
          [
            -73.96114737079621,
            40.81178079741095
          ],
          [
            -73.96111220314519,
            40.81182875002639
          ]
        ]
      }
    },
    {
      "type": "Feature",
      "properties": {
        "street_id": 114,
        "segment_count": 13,
        "valid_slope_segment_count": 13,
        "mean_abs_slope_pct": 19.02,
        "max_segment_slope_pct": 38.17,
        "slope_variation_range_pct": 29.37,
        "longest_continuous_steep_uphill_ft": 180.0,
        "continuous_steep_uphill_ratio_pct": 69.23,
        "landing_like_coverage_ratio_pct": 0.0,
        "mean_landing_distance_ft": 130.0,
        "max_landing_distance_ft": 250.0,
        "unreachable_segment_count": 0
      },
      "geometry": {
        "type": "LineString",
        "coordinates": [
          [
            -73.96205558562619,
            40.81053327542622
          ],
          [
            -73.96202078453771,
            40.81058138191027
          ],
          [
            -73.96198598339892,
            40.810629488383434
          ],
          [
            -73.96195118220984,
            40.810677594845735
          ],
          [
            -73.96191638097044,
            40.81072570129721
          ],
          [
            -73.9618815796807,
            40.81077380773771
          ],
          [
            -73.96184677834069,
            40.810821914167406
          ],
          [
            -73.96181197695036,
            40.81087002058618
          ],
          [
            -73.96177717550974,
            40.81091812699412
          ],
          [
            -73.96174237401877,
            40.81096623339114
          ],
          [
            -73.96170757247751,
            40.81101433977728
          ],
          [
            -73.96167277088595,
            40.81106244615255
          ],
          [
            -73.96163796924408,
            40.81111055251696
          ],
          [
            -73.9616031675519,
            40.81115865887044
          ]
        ]
      }
    },
    {
      "type": "Feature",
      "properties": {
        "street_id": 115,
        "segment_count": 52,
        "valid_slope_segment_count": 52,
        "mean_abs_slope_pct": 17.3,
        "max_segment_slope_pct": 58.67,
        "slope_variation_range_pct": 58.13,
        "longest_continuous_steep_uphill_ft": 120.0,
        "continuous_steep_uphill_ratio_pct": 11.54,
        "landing_like_coverage_ratio_pct": 9.62,
        "mean_landing_distance_ft": 199.42,
        "max_landing_distance_ft": 610.0,
        "unreachable_segment_count": 0
      },
      "geometry": {
        "type": "LineString",
        "coordinates": [
          [
            -73.9638827404349,
            40.80801500793908
          ],
          [
            -73.96384777570768,
            40.80806304533801
          ],
          [
            -73.96381281092998,
            40.80811108272598
          ],
          [
            -73.96377784610182,
            40.80815912010295
          ],
          [
            -73.96374288122317,
            40.808207157468985
          ],
          [
            -73.96370791629407,
            40.808255194824
          ],
          [
            -73.96367295131449,
            40.808303232168036
          ],
          [
            -73.96363798628444,
            40.80835126950113
          ],
          [
            -73.96360302120394,
            40.808399306823226
          ],
          [
            -73.96356805607293,
            40.80844734413435
          ],
          [
            -73.96353309089147,
            40.80849538143448
          ],
          [
            -73.96349812565954,
            40.808543418723666
          ],
          [
            -73.96346316037715,
            40.808591456001864
          ],
          [
            -73.96342819504427,
            40.80863949326909
          ],
          [
            -73.96339322966094,
            40.808687530525305
          ],
          [
            -73.9633582642271,
            40.8087355677706
          ],
          [
            -73.96332329874281,
            40.80878360500487
          ],
          [
            -73.96328833320807,
            40.80883164222819
          ],
          [
            -73.96325336762281,
            40.808879679440516
          ],
          [
            -73.9632184019871,
            40.80892771664186
          ],
          [
            -73.96318343630094,
            40.80897575383223
          ],
          [
            -73.96314847056428,
            40.809023791011654
          ],
          [
            -73.96311350477716,
            40.80907182818005
          ],
          [
            -73.96307853893956,
            40.80911986533751
          ],
          [
            -73.96304357305152,
            40.80916790248399
          ],
          [
            -73.96300860711297,
            40.80921593961948
          ],
          [
            -73.96297364112394,
            40.80926397674398
          ],
          [
            -73.96293867508447,
            40.80931201385754
          ],
          [
            -73.96290373481584,
            40.80936006180559
          ],
          [
            -73.96286879901584,
            40.809408111639755
          ],
          [
            -73.96283386316539,
            40.80945616146295
          ],
          [
            -73.96279892726452,
            40.80950421127517
          ],
          [
            -73.96276399131315,
            40.80955226107646
          ],
          [
            -73.9627290553114,
            40.809600310866756
          ],
          [
            -73.96269411925917,
            40.809648360646115
          ],
          [
            -73.96265918315652,
            40.8096964104145
          ],
          [
            -73.96262424700339,
            40.80974446017193
          ],
          [
            -73.96258931079986,
            40.80979250991842
          ],
          [
            -73.96255437454586,
            40.80984055965392
          ],
          [
            -73.96251943824142,
            40.809888609378504
          ],
          [
            -73.96248450188655,
            40.80993665909207
          ],
          [
            -73.9624497863925,
            40.809984801140224
          ],
          [
            -73.96241515946203,
            40.81003298000591
          ],
          [
            -73.96238053248148,
            40.81008115886085
          ],
          [
            -73.96234590545073,
            40.81012933770497
          ],
          [
            -73.9623112783699,
            40.81017751653832
          ],
          [
            -73.9622766512389,
            40.81022569536089
          ],
          [
            -73.9622420240578,
            40.81027387417269
          ],
          [
            -73.96220739682657,
            40.81032205297374
          ],
          [
            -73.96217276954518,
            40.81037023176401
          ],
          [
            -73.96213814221366,
            40.810418410543456
          ],
          [
            -73.96210351483201,
            40.81046658931216
          ],
          [
            -73.96206888740024,
            40.81051476807008
          ]
        ]
      }
    },
    {
      "type": "Feature",
      "properties": {
        "street_id": 116,
        "segment_count": 14,
        "valid_slope_segment_count": 12,
        "mean_abs_slope_pct": 10.2,
        "max_segment_slope_pct": 11.68,
        "slope_variation_range_pct": 2.66,
        "longest_continuous_steep_uphill_ft": 240.0,
        "continuous_steep_uphill_ratio_pct": 85.71,
        "landing_like_coverage_ratio_pct": 0.0,
        "mean_landing_distance_ft": null,
        "max_landing_distance_ft": null,
        "unreachable_segment_count": 14
      },
      "geometry": {
        "type": "LineString",
        "coordinates": [
          [
            -73.95964684894035,
            40.80115640507668
          ],
          [
            -73.95961193072807,
            40.801204460548504
          ],
          [
            -73.95957701246537,
            40.80125251600938
          ],
          [
            -73.95954209415227,
            40.801300571459336
          ],
          [
            -73.95950717578874,
            40.8013486268983
          ],
          [
            -73.95947225737481,
            40.80139668232635
          ],
          [
            -73.95943733891043,
            40.801444737743445
          ],
          [
            -73.95940242039566,
            40.80149279314956
          ],
          [
            -73.95936750183047,
            40.80154084854482
          ],
          [
            -73.95933258321485,
            40.80158890392905
          ],
          [
            -73.95929766454881,
            40.80163695930238
          ],
          [
            -73.95926274583238,
            40.801685014664756
          ],
          [
            -73.9592278270655,
            40.80173307001618
          ],
          [
            -73.95919290824821,
            40.80178112535667
          ],
          [
            -73.9591579893805,
            40.801829180686205
          ]
        ]
      }
    },
    {
      "type": "Feature",
      "properties": {
        "street_id": 117,
        "segment_count": 1,
        "valid_slope_segment_count": 0,
        "mean_abs_slope_pct": null,
        "max_segment_slope_pct": null,
        "slope_variation_range_pct": null,
        "longest_continuous_steep_uphill_ft": 0.0,
        "continuous_steep_uphill_ratio_pct": 0.0,
        "landing_like_coverage_ratio_pct": null,
        "mean_landing_distance_ft": null,
        "max_landing_distance_ft": null,
        "unreachable_segment_count": 1
      },
      "geometry": {
        "type": "LineString",
        "coordinates": [
          [
            -73.9596922581644,
            40.80109443569748
          ],
          [
            -73.95965711430625,
            40.80114239607664
          ]
        ]
      }
    },
    {
      "type": "Feature",
      "properties": {
        "street_id": 118,
        "segment_count": 15,
        "valid_slope_segment_count": 15,
        "mean_abs_slope_pct": 1.18,
        "max_segment_slope_pct": 4.25,
        "slope_variation_range_pct": 4.17,
        "longest_continuous_steep_uphill_ft": 0.0,
        "continuous_steep_uphill_ratio_pct": 0.0,
        "landing_like_coverage_ratio_pct": 86.67,
        "mean_landing_distance_ft": 2.67,
        "max_landing_distance_ft": 30.0,
        "unreachable_segment_count": 0
      },
      "geometry": {
        "type": "LineString",
        "coordinates": [
          [
            -73.9582507039989,
            40.804763516975534
          ],
          [
            -73.95825243691452,
            40.8048183956771
          ],
          [
            -73.95825416983298,
            40.80487327437821
          ],
          [
            -73.9582559027543,
            40.80492815307879
          ],
          [
            -73.95825763567848,
            40.80498303177887
          ],
          [
            -73.95825936860551,
            40.80503791047844
          ],
          [
            -73.95826110153541,
            40.80509278917751
          ],
          [
            -73.95826283446817,
            40.80514766787605
          ],
          [
            -73.9582645674038,
            40.80520254657409
          ],
          [
            -73.95826630034226,
            40.805257425271606
          ],
          [
            -73.95826803328357,
            40.80531230396864
          ],
          [
            -73.95826976622777,
            40.80536718266515
          ],
          [
            -73.95825799136487,
            40.80542134310044
          ],
          [
            -73.95823531601634,
            40.8054734634658
          ],
          [
            -73.95821264063233,
            40.80552558382623
          ],
          [
            -73.9581899652128,
            40.805577704181836
          ]
        ]
      }
    },
    {
      "type": "Feature",
      "properties": {
        "street_id": 119,
        "segment_count": 15,
        "valid_slope_segment_count": 15,
        "mean_abs_slope_pct": 1.4,
        "max_segment_slope_pct": 3.38,
        "slope_variation_range_pct": 3.25,
        "longest_continuous_steep_uphill_ft": 0.0,
        "continuous_steep_uphill_ratio_pct": 0.0,
        "landing_like_coverage_ratio_pct": 60.0,
        "mean_landing_distance_ft": 4.0,
        "max_landing_distance_ft": 10.0,
        "unreachable_segment_count": 0
      },
      "geometry": {
        "type": "LineString",
        "coordinates": [
          [
            -73.95820299924516,
            40.80389425921438
          ],
          [
            -73.95820600919541,
            40.80394910605055
          ],
          [
            -73.95820901915059,
            40.80400395288617
          ],
          [
            -73.95821202911074,
            40.80405879972124
          ],
          [
            -73.95821503907585,
            40.804113646555734
          ],
          [
            -73.95821804904594,
            40.804168493389646
          ],
          [
            -73.95822105902096,
            40.80422334022304
          ],
          [
            -73.95822406900096,
            40.80427818705583
          ],
          [
            -73.95822707898593,
            40.804333033888106
          ],
          [
            -73.95823008897584,
            40.80438788071978
          ],
          [
            -73.95823309897071,
            40.804442727550935
          ],
          [
            -73.95823610897055,
            40.8044975743815
          ],
          [
            -73.95823911897536,
            40.80455242121152
          ],
          [
            -73.9582421289851,
            40.80460726804097
          ],
          [
            -73.95824513899983,
            40.80466211486986
          ],
          [
            -73.95824814901952,
            40.80471696169821
          ]
        ]
      }
    },
    {
      "type": "Feature",
      "properties": {
        "street_id": 120,
        "segment_count": 14,
        "valid_slope_segment_count": 14,
        "mean_abs_slope_pct": 2.88,
        "max_segment_slope_pct": 8.12,
        "slope_variation_range_pct": 8.05,
        "longest_continuous_steep_uphill_ft": 0.0,
        "continuous_steep_uphill_ratio_pct": 0.0,
        "landing_like_coverage_ratio_pct": 28.57,
        "mean_landing_distance_ft": 14.29,
        "max_landing_distance_ft": 50.0,
        "unreachable_segment_count": 0
      },
      "geometry": {
        "type": "LineString",
        "coordinates": [
          [
            -73.95824877475643,
            40.80310647288187
          ],
          [
            -73.9582455881682,
            40.80316131396189
          ],
          [
            -73.9582424015747,
            40.80321615504135
          ],
          [
            -73.95823921497598,
            40.80327099612023
          ],
          [
            -73.95823602837197,
            40.80332583719858
          ],
          [
            -73.95823284176274,
            40.80338067827629
          ],
          [
            -73.95822965514824,
            40.8034355193535
          ],
          [
            -73.95822646852851,
            40.803490360430125
          ],
          [
            -73.95822328190353,
            40.80354520150615
          ],
          [
            -73.95822009527326,
            40.80360004258163
          ],
          [
            -73.95821690863777,
            40.80365488365656
          ],
          [
            -73.95821372199703,
            40.80370972473088
          ],
          [
            -73.95821053535103,
            40.80376456580465
          ],
          [
            -73.9582073486998,
            40.80381940687784
          ],
          [
            -73.9582041620433,
            40.803874247950475
          ]
        ]
      }
    },
    {
      "type": "Feature",
      "properties": {
        "street_id": 121,
        "segment_count": 1,
        "valid_slope_segment_count": 1,
        "mean_abs_slope_pct": 2.13,
        "max_segment_slope_pct": 2.13,
        "slope_variation_range_pct": 0.0,
        "longest_continuous_steep_uphill_ft": 0.0,
        "continuous_steep_uphill_ratio_pct": 0.0,
        "landing_like_coverage_ratio_pct": 0.0,
        "mean_landing_distance_ft": 11.42,
        "max_landing_distance_ft": 11.42,
        "unreachable_segment_count": 0
      },
      "geometry": {
        "type": "LineString",
        "coordinates": [
          [
            -73.95967965085507,
            40.813781734309416
          ],
          [
            -73.95974458443747,
            40.81380580842862
          ]
        ]
      }
    },
    {
      "type": "Feature",
      "properties": {
        "street_id": 122,
        "segment_count": 8,
        "valid_slope_segment_count": 8,
        "mean_abs_slope_pct": 9.91,
        "max_segment_slope_pct": 15.99,
        "slope_variation_range_pct": 15.17,
        "longest_continuous_steep_uphill_ft": 100.0,
        "continuous_steep_uphill_ratio_pct": 62.5,
        "landing_like_coverage_ratio_pct": 12.5,
        "mean_landing_distance_ft": 61.25,
        "max_landing_distance_ft": 130.0,
        "unreachable_segment_count": 0
      },
      "geometry": {
        "type": "LineString",
        "coordinates": [
          [
            -73.95915555290894,
            40.81358742114332
          ],
          [
            -73.95922048598848,
            40.813611495751054
          ],
          [
            -73.95928541911496,
            40.81363557032214
          ],
          [
            -73.95935035228845,
            40.813659644856585
          ],
          [
            -73.9594152855089,
            40.81368371935432
          ],
          [
            -73.95948021877633,
            40.81370779381547
          ],
          [
            -73.95954515209074,
            40.81373186823988
          ],
          [
            -73.95961008545213,
            40.813755942627694
          ],
          [
            -73.9596750188605,
            40.813780016978775
          ]
        ]
      }
    },
    {
      "type": "Feature",
      "properties": {
        "street_id": 123,
        "segment_count": 1,
        "valid_slope_segment_count": 1,
        "mean_abs_slope_pct": 5.1,
        "max_segment_slope_pct": 5.1,
        "slope_variation_range_pct": 0.0,
        "longest_continuous_steep_uphill_ft": 0.0,
        "continuous_steep_uphill_ratio_pct": 0.0,
        "landing_like_coverage_ratio_pct": 0.0,
        "mean_landing_distance_ft": null,
        "max_landing_distance_ft": null,
        "unreachable_segment_count": 1
      },
      "geometry": {
        "type": "LineString",
        "coordinates": [
          [
            -73.95816249489108,
            40.80472499315044
          ],
          [
            -73.95822512911946,
            40.80475234759418
          ]
        ]
      }
    },
    {
      "type": "Feature",
      "properties": {
        "street_id": 124,
        "segment_count": 1,
        "valid_slope_segment_count": 1,
        "mean_abs_slope_pct": 6.66,
        "max_segment_slope_pct": 6.66,
        "slope_variation_range_pct": 0.0,
        "longest_continuous_steep_uphill_ft": 0.0,
        "continuous_steep_uphill_ratio_pct": 0.0,
        "landing_like_coverage_ratio_pct": 0.0,
        "mean_landing_distance_ft": null,
        "max_landing_distance_ft": null,
        "unreachable_segment_count": 1
      },
      "geometry": {
        "type": "LineString",
        "coordinates": [
          [
            -73.95578554671198,
            40.80876104083154
          ],
          [
            -73.9558488526518,
            40.808787492682704
          ]
        ]
      }
    },
    {
      "type": "Feature",
      "properties": {
        "street_id": 125,
        "segment_count": 15,
        "valid_slope_segment_count": 15,
        "mean_abs_slope_pct": 78.44,
        "max_segment_slope_pct": 383.62,
        "slope_variation_range_pct": 376.93,
        "longest_continuous_steep_uphill_ft": 280.0,
        "continuous_steep_uphill_ratio_pct": 93.33,
        "landing_like_coverage_ratio_pct": 0.0,
        "mean_landing_distance_ft": 151.21,
        "max_landing_distance_ft": 233.47,
        "unreachable_segment_count": 0
      },
      "geometry": {
        "type": "LineString",
        "coordinates": [
          [
            -73.96121940702909,
            40.81678228968691
          ],
          [
            -73.96118433209591,
            40.81683028256045
          ],
          [
            -73.96114925711208,
            40.816878275422894
          ],
          [
            -73.96111418207771,
            40.81692626827437
          ],
          [
            -73.96107910699274,
            40.81697426111475
          ],
          [
            -73.96104403185717,
            40.817022253944096
          ],
          [
            -73.96100895667102,
            40.81707024676238
          ],
          [
            -73.96097388143427,
            40.817118239569616
          ],
          [
            -73.96093880614693,
            40.817166232365814
          ],
          [
            -73.960903730809,
            40.817214225150984
          ],
          [
            -73.9608686554205,
            40.81726221792507
          ],
          [
            -73.96083357998138,
            40.8173102106881
          ],
          [
            -73.96079850449169,
            40.81735820344012
          ],
          [
            -73.96076342895141,
            40.817406196181054
          ],
          [
            -73.96072835336052,
            40.81745418891098
          ],
          [
            -73.96069327771906,
            40.81750218162984
          ]
        ]
      }
    },
    {
      "type": "Feature",
      "properties": {
        "street_id": 126,
        "segment_count": 13,
        "valid_slope_segment_count": 13,
        "mean_abs_slope_pct": 18.38,
        "max_segment_slope_pct": 26.54,
        "slope_variation_range_pct": 24.24,
        "longest_continuous_steep_uphill_ft": 220.0,
        "continuous_steep_uphill_ratio_pct": 84.62,
        "landing_like_coverage_ratio_pct": 0.0,
        "mean_landing_distance_ft": null,
        "max_landing_distance_ft": null,
        "unreachable_segment_count": 13
      },
      "geometry": {
        "type": "LineString",
        "coordinates": [
          [
            -73.95971879359956,
            40.81552634491688
          ],
          [
            -73.95978194614577,
            40.815553016358294
          ],
          [
            -73.95984509874258,
            40.815579687764995
          ],
          [
            -73.95990825138999,
            40.81560635913695
          ],
          [
            -73.95997140408807,
            40.815633030474274
          ],
          [
            -73.96003455683673,
            40.81565970177684
          ],
          [
            -73.96009770963603,
            40.81568637304469
          ],
          [
            -73.9601608624859,
            40.81571304427787
          ],
          [
            -73.96022401538646,
            40.81573971547633
          ],
          [
            -73.96028716833759,
            40.8157663866401
          ],
          [
            -73.96035032133936,
            40.81579305776912
          ],
          [
            -73.96041347439174,
            40.815819728863474
          ],
          [
            -73.96047662749474,
            40.81584639992308
          ],
          [
            -73.96053978064836,
            40.81587307094802
          ]
        ]
      }
    },
    {
      "type": "Feature",
      "properties": {
        "street_id": 127,
        "segment_count": 15,
        "valid_slope_segment_count": 15,
        "mean_abs_slope_pct": 20.15,
        "max_segment_slope_pct": 29.06,
        "slope_variation_range_pct": 28.83,
        "longest_continuous_steep_uphill_ft": 220.0,
        "continuous_steep_uphill_ratio_pct": 73.33,
        "landing_like_coverage_ratio_pct": 6.67,
        "mean_landing_distance_ft": 130.67,
        "max_landing_distance_ft": 270.0,
        "unreachable_segment_count": 0
      },
      "geometry": {
        "type": "LineString",
        "coordinates": [
          [
            -73.95871381164258,
            40.81511468298437
          ],
          [
            -73.95877741034371,
            40.81514073477312
          ],
          [
            -73.95884100909464,
            40.815166786526696
          ],
          [
            -73.95890460789536,
            40.81519283824509
          ],
          [
            -73.95896820674588,
            40.81521888992833
          ],
          [
            -73.95903180564618,
            40.8152449415763
          ],
          [
            -73.95909540459628,
            40.81527099318912
          ],
          [
            -73.95915900359617,
            40.815297044766766
          ],
          [
            -73.95922260264587,
            40.815323096309186
          ],
          [
            -73.95928620174534,
            40.81534914781643
          ],
          [
            -73.9593498008946,
            40.81537519928847
          ],
          [
            -73.95941340009365,
            40.81540125072534
          ],
          [
            -73.95947699934248,
            40.81542730212701
          ],
          [
            -73.95954059864113,
            40.81545335349346
          ],
          [
            -73.95960419798956,
            40.81547940482476
          ],
          [
            -73.95966779738778,
            40.81550545612086
          ]
        ]
      }
    },
    {
      "type": "Feature",
      "properties": {
        "street_id": 128,
        "segment_count": 14,
        "valid_slope_segment_count": 14,
        "mean_abs_slope_pct": 10.82,
        "max_segment_slope_pct": 33.49,
        "slope_variation_range_pct": 30.31,
        "longest_continuous_steep_uphill_ft": 60.0,
        "continuous_steep_uphill_ratio_pct": 21.43,
        "landing_like_coverage_ratio_pct": 0.0,
        "mean_landing_distance_ft": 280.0,
        "max_landing_distance_ft": 410.0,
        "unreachable_segment_count": 0
      },
      "geometry": {
        "type": "LineString",
        "coordinates": [
          [
            -73.9638827404349,
            40.80801500793908
          ],
          [
            -73.96391822494428,
            40.807967191104495
          ],
          [
            -73.96395370940267,
            40.807919374258525
          ],
          [
            -73.96398919381008,
            40.80787155740134
          ],
          [
            -73.96402467816651,
            40.807823740532854
          ],
          [
            -73.96406016247194,
            40.807775923653075
          ],
          [
            -73.96409564672639,
            40.80772810676199
          ],
          [
            -73.96413113092987,
            40.80768028985962
          ],
          [
            -73.96416661508235,
            40.80763247294599
          ],
          [
            -73.96420209918385,
            40.80758465602101
          ],
          [
            -73.96423758323436,
            40.807536839084776
          ],
          [
            -73.96427306723388,
            40.80748902213726
          ],
          [
            -73.96430855118244,
            40.80744120517845
          ],
          [
            -73.96434403508,
            40.80739338820836
          ],
          [
            -73.96437951892656,
            40.80734557122695
          ]
        ]
      }
    },
    {
      "type": "Feature",
      "properties": {
        "street_id": 129,
        "segment_count": 1,
        "valid_slope_segment_count": 1,
        "mean_abs_slope_pct": 6.4,
        "max_segment_slope_pct": 6.4,
        "slope_variation_range_pct": 0.0,
        "longest_continuous_steep_uphill_ft": 0.0,
        "continuous_steep_uphill_ratio_pct": 0.0,
        "landing_like_coverage_ratio_pct": 0.0,
        "mean_landing_distance_ft": null,
        "max_landing_distance_ft": null,
        "unreachable_segment_count": 1
      },
      "geometry": {
        "type": "LineString",
        "coordinates": [
          [
            -73.95623030783366,
            40.80812569085761
          ],
          [
            -73.9562936843104,
            40.80815204417748
          ]
        ]
      }
    },
    {
      "type": "Feature",
      "properties": {
        "street_id": 130,
        "segment_count": 2,
        "valid_slope_segment_count": 2,
        "mean_abs_slope_pct": 4.65,
        "max_segment_slope_pct": 6.33,
        "slope_variation_range_pct": 3.36,
        "longest_continuous_steep_uphill_ft": 0.0,
        "continuous_steep_uphill_ratio_pct": 0.0,
        "landing_like_coverage_ratio_pct": 0.0,
        "mean_landing_distance_ft": 44.28,
        "max_landing_distance_ft": 54.28,
        "unreachable_segment_count": 0
      },
      "geometry": {
        "type": "LineString",
        "coordinates": [
          [
            -73.95804126742293,
            40.80553855597202
          ],
          [
            -73.9581046804539,
            40.80556485505559
          ],
          [
            -73.95816809353497,
            40.80559115410412
          ]
        ]
      }
    },
    {
      "type": "Feature",
      "properties": {
        "street_id": 132,
        "segment_count": 14,
        "valid_slope_segment_count": 14,
        "mean_abs_slope_pct": 19.78,
        "max_segment_slope_pct": 30.0,
        "slope_variation_range_pct": 29.88,
        "longest_continuous_steep_uphill_ft": 200.0,
        "continuous_steep_uphill_ratio_pct": 71.43,
        "landing_like_coverage_ratio_pct": 14.29,
        "mean_landing_distance_ft": 51.43,
        "max_landing_distance_ft": 110.0,
        "unreachable_segment_count": 0
      },
      "geometry": {
        "type": "LineString",
        "coordinates": [
          [
            -73.96210561644895,
            40.812251562710685
          ],
          [
            -73.96216921258322,
            40.81227761427329
          ],
          [
            -73.96223280876727,
            40.81230366580078
          ],
          [
            -73.96229640500111,
            40.812329717293025
          ],
          [
            -73.96236000128471,
            40.812355768750116
          ],
          [
            -73.96242359761813,
            40.81238182017197
          ],
          [
            -73.96248719400133,
            40.81240787155868
          ],
          [
            -73.96255079043429,
            40.81243392291017
          ],
          [
            -73.96261438691707,
            40.81245997422648
          ],
          [
            -73.96267798344964,
            40.8124860255076
          ],
          [
            -73.96274158003197,
            40.812512076753535
          ],
          [
            -73.96280517666412,
            40.812538127964295
          ],
          [
            -73.96286877334603,
            40.81256417913981
          ],
          [
            -73.96293237007774,
            40.81259023028019
          ],
          [
            -73.96299596685924,
            40.81261628138534
          ]
        ]
      }
    },
    {
      "type": "Feature",
      "properties": {
        "street_id": 133,
        "segment_count": 15,
        "valid_slope_segment_count": 15,
        "mean_abs_slope_pct": 20.72,
        "max_segment_slope_pct": 30.83,
        "slope_variation_range_pct": 30.2,
        "longest_continuous_steep_uphill_ft": 240.0,
        "continuous_steep_uphill_ratio_pct": 80.0,
        "landing_like_coverage_ratio_pct": 6.67,
        "mean_landing_distance_ft": 130.67,
        "max_landing_distance_ft": 270.0,
        "unreachable_segment_count": 0
      },
      "geometry": {
        "type": "LineString",
        "coordinates": [
          [
            -73.96111106551437,
            40.81183030123395
          ],
          [
            -73.96117190363954,
            40.811859911499866
          ],
          [
            -73.96123357162384,
            40.81188851365032
          ],
          [
            -73.9612969331712,
            40.811914892639514
          ],
          [
            -73.96136029476878,
            40.811941271593746
          ],
          [
            -73.9614236564166,
            40.81196765051306
          ],
          [
            -73.96148701811465,
            40.811994029397425
          ],
          [
            -73.96155037986291,
            40.812020408246894
          ],
          [
            -73.96161374166141,
            40.81204678706139
          ],
          [
            -73.96167710351011,
            40.812073165840964
          ],
          [
            -73.96174046540906,
            40.81209954458558
          ],
          [
            -73.96180382735825,
            40.8121259232953
          ],
          [
            -73.96186718935765,
            40.81215230197007
          ],
          [
            -73.96193055140728,
            40.8121786806099
          ],
          [
            -73.96199391350713,
            40.812205059214776
          ],
          [
            -73.96205727565722,
            40.812231437784725
          ]
        ]
      }
    },
    {
      "type": "Feature",
      "properties": {
        "street_id": 134,
        "segment_count": 44,
        "valid_slope_segment_count": 44,
        "mean_abs_slope_pct": 20.65,
        "max_segment_slope_pct": 28.31,
        "slope_variation_range_pct": 25.34,
        "longest_continuous_steep_uphill_ft": 500.0,
        "continuous_steep_uphill_ratio_pct": 56.82,
        "landing_like_coverage_ratio_pct": 0.0,
        "mean_landing_distance_ft": null,
        "max_landing_distance_ft": null,
        "unreachable_segment_count": 44
      },
      "geometry": {
        "type": "LineString",
        "coordinates": [
          [
            -73.95827292042325,
            40.810628048117536
          ],
          [
            -73.95833602321495,
            40.81065478113907
          ],
          [
            -73.95839912605737,
            40.810681514126
          ],
          [
            -73.95846222895048,
            40.81070824707824
          ],
          [
            -73.95852533189426,
            40.810734979995814
          ],
          [
            -73.95858843488875,
            40.81076171287877
          ],
          [
            -73.95865153793393,
            40.810788445727034
          ],
          [
            -73.95871464102979,
            40.81081517854064
          ],
          [
            -73.95877774417637,
            40.8108419113196
          ],
          [
            -73.95884084737361,
            40.810868644063945
          ],
          [
            -73.95890395062156,
            40.810895376773566
          ],
          [
            -73.95896705392019,
            40.810922109448576
          ],
          [
            -73.95903015726952,
            40.81094884208895
          ],
          [
            -73.95909326066955,
            40.810975574694645
          ],
          [
            -73.95915636412028,
            40.81100230726566
          ],
          [
            -73.95921946762166,
            40.81102903980205
          ],
          [
            -73.95928257117376,
            40.81105577230378
          ],
          [
            -73.95934567477656,
            40.81108250477086
          ],
          [
            -73.95940877843003,
            40.811109237203276
          ],
          [
            -73.95947188213421,
            40.81113596960102
          ],
          [
            -73.95953498588908,
            40.81116270196416
          ],
          [
            -73.95959808969462,
            40.811189434292594
          ],
          [
            -73.95966119355086,
            40.81121616658641
          ],
          [
            -73.95972429745781,
            40.81124289884555
          ],
          [
            -73.95978740141544,
            40.811269631070026
          ],
          [
            -73.95985050542376,
            40.811296363259856
          ],
          [
            -73.95991360948278,
            40.811323095415055
          ],
          [
            -73.95997671359251,
            40.81134982753556
          ],
          [
            -73.96003981775287,
            40.81137655962143
          ],
          [
            -73.96010292196398,
            40.81140329167262
          ],
          [
            -73.96016602622576,
            40.81143002368919
          ],
          [
            -73.96022913053822,
            40.81145675567109
          ],
          [
            -73.9602922349014,
            40.81148348761835
          ],
          [
            -73.96035533931527,
            40.81151021953093
          ],
          [
            -73.96041844377982,
            40.81153695140887
          ],
          [
            -73.96048154829505,
            40.81156368325213
          ],
          [
            -73.96054465286097,
            40.81159041506077
          ],
          [
            -73.9606077574776,
            40.81161714683475
          ],
          [
            -73.96067086214494,
            40.811643878574046
          ],
          [
            -73.96073396686295,
            40.8116706102787
          ],
          [
            -73.96079707163165,
            40.81169734194869
          ],
          [
            -73.96086017645102,
            40.811724073584045
          ],
          [
            -73.96092328132113,
            40.81175080518473
          ],
          [
            -73.96098638624188,
            40.811777536750746
          ],
          [
            -73.9610495046515,
            40.811804249960964
          ]
        ]
      }
    },
    {
      "type": "Feature",
      "properties": {
        "street_id": 135,
        "segment_count": 13,
        "valid_slope_segment_count": 13,
        "mean_abs_slope_pct": 6.14,
        "max_segment_slope_pct": 24.68,
        "slope_variation_range_pct": 23.63,
        "longest_continuous_steep_uphill_ft": 20.0,
        "continuous_steep_uphill_ratio_pct": 7.69,
        "landing_like_coverage_ratio_pct": 38.46,
        "mean_landing_distance_ft": 13.85,
        "max_landing_distance_ft": 50.0,
        "unreachable_segment_count": 0
      },
      "geometry": {
        "type": "LineString",
        "coordinates": [
          [
            -73.96485010564079,
            40.80670690298368
          ],
          [
            -73.96481481695476,
            40.806754803137174
          ],
          [
            -73.96477952821793,
            40.80680270327953
          ],
          [
            -73.96474423943032,
            40.806850603410645
          ],
          [
            -73.96470895059191,
            40.806898503530654
          ],
          [
            -73.96467366170272,
            40.806946403639444
          ],
          [
            -73.96463837276272,
            40.806994303737106
          ],
          [
            -73.96460308377195,
            40.80704220382355
          ],
          [
            -73.96456779473036,
            40.80709010389886
          ],
          [
            -73.964532505638,
            40.807138003963004
          ],
          [
            -73.96449721649485,
            40.807185904015945
          ],
          [
            -73.96446192730089,
            40.80723380405774
          ],
          [
            -73.96442663805614,
            40.80728170408833
          ],
          [
            -73.96439134876061,
            40.80732960410777
          ]
        ]
      }
    },
    {
      "type": "Feature",
      "properties": {
        "street_id": 136,
        "segment_count": 13,
        "valid_slope_segment_count": 13,
        "mean_abs_slope_pct": 12.32,
        "max_segment_slope_pct": 50.79,
        "slope_variation_range_pct": 50.74,
        "longest_continuous_steep_uphill_ft": 40.0,
        "continuous_steep_uphill_ratio_pct": 15.38,
        "landing_like_coverage_ratio_pct": 23.08,
        "mean_landing_distance_ft": 13.85,
        "max_landing_distance_ft": 50.0,
        "unreachable_segment_count": 0
      },
      "geometry": {
        "type": "LineString",
        "coordinates": [
          [
            -73.96530049750089,
            40.80607659209171
          ],
          [
            -73.96526602601674,
            40.806124834462146
          ],
          [
            -73.96523155448261,
            40.80617307682189
          ],
          [
            -73.96519708289851,
            40.80622131917099
          ],
          [
            -73.96516261126445,
            40.80626956150938
          ],
          [
            -73.96512813958043,
            40.80631780383708
          ],
          [
            -73.96509366784643,
            40.80636604615411
          ],
          [
            -73.96505919606247,
            40.806414288460466
          ],
          [
            -73.96502472422851,
            40.806462530756164
          ],
          [
            -73.9649902523446,
            40.80651077304113
          ],
          [
            -73.96495578041072,
            40.806559015315436
          ],
          [
            -73.96492130842688,
            40.806607257579046
          ],
          [
            -73.96488683639306,
            40.80665549983202
          ],
          [
            -73.96485236430928,
            40.806703742074276
          ]
        ]
      }
    },
    {
      "type": "Feature",
      "properties": {
        "street_id": 137,
        "segment_count": 13,
        "valid_slope_segment_count": 13,
        "mean_abs_slope_pct": 11.37,
        "max_segment_slope_pct": 39.85,
        "slope_variation_range_pct": 38.5,
        "longest_continuous_steep_uphill_ft": 20.0,
        "continuous_steep_uphill_ratio_pct": 7.69,
        "landing_like_coverage_ratio_pct": 7.69,
        "mean_landing_distance_ft": 55.38,
        "max_landing_distance_ft": 110.0,
        "unreachable_segment_count": 0
      },
      "geometry": {
        "type": "LineString",
        "coordinates": [
          [
            -73.96576099053745,
            40.80545152419146
          ],
          [
            -73.96572570244332,
            40.80549942432329
          ],
          [
            -73.96569041429842,
            40.80554732444393
          ],
          [
            -73.9656551261027,
            40.80559522455341
          ],
          [
            -73.96561983785621,
            40.8056431246517
          ],
          [
            -73.96558454955893,
            40.805691024738856
          ],
          [
            -73.96554926121087,
            40.80573892481481
          ],
          [
            -73.965513972812,
            40.80578682487962
          ],
          [
            -73.96547868436237,
            40.80583472493324
          ],
          [
            -73.96544339586193,
            40.805882624975716
          ],
          [
            -73.9654081073107,
            40.80593052500701
          ],
          [
            -73.96537281870867,
            40.805978425027085
          ],
          [
            -73.96533753005586,
            40.80602632503607
          ],
          [
            -73.96530224135225,
            40.80607422503386
          ]
        ]
      }
    },
    {
      "type": "Feature",
      "properties": {
        "street_id": 138,
        "segment_count": 12,
        "valid_slope_segment_count": 12,
        "mean_abs_slope_pct": 18.34,
        "max_segment_slope_pct": 35.51,
        "slope_variation_range_pct": 26.82,
        "longest_continuous_steep_uphill_ft": 100.0,
        "continuous_steep_uphill_ratio_pct": 41.67,
        "landing_like_coverage_ratio_pct": 0.0,
        "mean_landing_distance_ft": 160.0,
        "max_landing_distance_ft": 270.0,
        "unreachable_segment_count": 0
      },
      "geometry": {
        "type": "LineString",
        "coordinates": [
          [
            -73.9662139303043,
            40.80482721220049
          ],
          [
            -73.9661790532241,
            40.804875285695346
          ],
          [
            -73.96614417609348,
            40.80492335917927
          ],
          [
            -73.96610929891251,
            40.80497143265226
          ],
          [
            -73.96607442168114,
            40.80501950611431
          ],
          [
            -73.96603954439942,
            40.8050675795655
          ],
          [
            -73.96600466706728,
            40.805115653005714
          ],
          [
            -73.96596978968479,
            40.80516372643501
          ],
          [
            -73.96593491225191,
            40.805211799853396
          ],
          [
            -73.96590003476864,
            40.8052598732609
          ],
          [
            -73.96586515723503,
            40.80530794665743
          ],
          [
            -73.96583027965099,
            40.80535602004302
          ],
          [
            -73.96579540201658,
            40.805404093417735
          ]
        ]
      }
    },
    {
      "type": "Feature",
      "properties": {
        "street_id": 139,
        "segment_count": 13,
        "valid_slope_segment_count": 13,
        "mean_abs_slope_pct": 9.25,
        "max_segment_slope_pct": 24.16,
        "slope_variation_range_pct": 23.6,
        "longest_continuous_steep_uphill_ft": 60.0,
        "continuous_steep_uphill_ratio_pct": 23.08,
        "landing_like_coverage_ratio_pct": 7.69,
        "mean_landing_distance_ft": 41.54,
        "max_landing_distance_ft": 90.0,
        "unreachable_segment_count": 0
      },
      "geometry": {
        "type": "LineString",
        "coordinates": [
          [
            -73.9667010775954,
            40.80416846501505
          ],
          [
            -73.9666656878095,
            40.80421632152821
          ],
          [
            -73.96663029797271,
            40.804264178030095
          ],
          [
            -73.96659490808503,
            40.8043120345208
          ],
          [
            -73.96655951814644,
            40.80435989100024
          ],
          [
            -73.96652412815698,
            40.80440774746848
          ],
          [
            -73.96648873811664,
            40.80445560392549
          ],
          [
            -73.96645334802538,
            40.80450346037123
          ],
          [
            -73.96641795788327,
            40.80455131680579
          ],
          [
            -73.96638256769025,
            40.80459917322907
          ],
          [
            -73.96634717744634,
            40.804647029641124
          ],
          [
            -73.96631178715153,
            40.804694886041965
          ],
          [
            -73.96627639680587,
            40.80474274243156
          ],
          [
            -73.96624100640929,
            40.804790598809944
          ]
        ]
      }
    },
    {
      "type": "Feature",
      "properties": {
        "street_id": 140,
        "segment_count": 1,
        "valid_slope_segment_count": 1,
        "mean_abs_slope_pct": 1.22,
        "max_segment_slope_pct": 1.22,
        "slope_variation_range_pct": 0.0,
        "longest_continuous_steep_uphill_ft": 0.0,
        "continuous_steep_uphill_ratio_pct": 0.0,
        "landing_like_coverage_ratio_pct": 100.0,
        "mean_landing_distance_ft": 0.0,
        "max_landing_distance_ft": 0.0,
        "unreachable_segment_count": 0
      },
      "geometry": {
        "type": "LineString",
        "coordinates": [
          [
            -73.96676316893284,
            40.80408070019955
          ],
          [
            -73.96672896213897,
            40.80412905082493
          ]
        ]
      }
    },
    {
      "type": "Feature",
      "properties": {
        "street_id": 141,
        "segment_count": 33,
        "valid_slope_segment_count": 33,
        "mean_abs_slope_pct": 19.28,
        "max_segment_slope_pct": 24.6,
        "slope_variation_range_pct": 22.49,
        "longest_continuous_steep_uphill_ft": 580.0,
        "continuous_steep_uphill_ratio_pct": 87.88,
        "landing_like_coverage_ratio_pct": 0.0,
        "mean_landing_distance_ft": 331.48,
        "max_landing_distance_ft": 651.48,
        "unreachable_segment_count": 0
      },
      "geometry": {
        "type": "LineString",
        "coordinates": [
          [
            -73.96438873432787,
            40.80733315281185
          ],
          [
            -73.96445198249447,
            40.80735968246921
          ],
          [
            -73.96451523071148,
            40.80738621209181
          ],
          [
            -73.96457847897894,
            40.80741274167957
          ],
          [
            -73.9646417272968,
            40.80743927123251
          ],
          [
            -73.96470497566507,
            40.807465800750656
          ],
          [
            -73.96476822408378,
            40.80749233023399
          ],
          [
            -73.96483147255289,
            40.8075188596825
          ],
          [
            -73.96489472107244,
            40.80754538909621
          ],
          [
            -73.9649579696424,
            40.8075719184751
          ],
          [
            -73.96502121826278,
            40.80759844781918
          ],
          [
            -73.96508446693359,
            40.80762497712841
          ],
          [
            -73.96514771565481,
            40.80765150640288
          ],
          [
            -73.96521096442643,
            40.80767803564252
          ],
          [
            -73.9652742132485,
            40.80770456484734
          ],
          [
            -73.96533746212097,
            40.807731094017356
          ],
          [
            -73.96540071104387,
            40.80775762315251
          ],
          [
            -73.96546396001719,
            40.807784152252914
          ],
          [
            -73.96552720904093,
            40.807810681318465
          ],
          [
            -73.9655904581151,
            40.807837210349234
          ],
          [
            -73.96565370723967,
            40.80786373934515
          ],
          [
            -73.96571695641467,
            40.807890268306274
          ],
          [
            -73.96578020564009,
            40.8079167972326
          ],
          [
            -73.96584345491593,
            40.80794332612409
          ],
          [
            -73.96590670424217,
            40.80796985498076
          ],
          [
            -73.96596995361884,
            40.80799638380265
          ],
          [
            -73.96603320304594,
            40.80802291258972
          ],
          [
            -73.96609645252346,
            40.808049441341936
          ],
          [
            -73.96615970205139,
            40.8080759700594
          ],
          [
            -73.96622295162975,
            40.808102498741995
          ],
          [
            -73.96628620125851,
            40.80812902738979
          ],
          [
            -73.96634945093773,
            40.80815555600277
          ],
          [
            -73.96641270066732,
            40.80818208458095
          ],
          [
            -73.96647600657022,
            40.80820853572475
          ]
        ]
      }
    },
    {
      "type": "Feature",
      "properties": {
        "street_id": 142,
        "segment_count": 23,
        "valid_slope_segment_count": 23,
        "mean_abs_slope_pct": 5.01,
        "max_segment_slope_pct": 9.89,
        "slope_variation_range_pct": 8.24,
        "longest_continuous_steep_uphill_ft": 20.0,
        "continuous_steep_uphill_ratio_pct": 4.35,
        "landing_like_coverage_ratio_pct": 4.35,
        "mean_landing_distance_ft": 175.65,
        "max_landing_distance_ft": 390.0,
        "unreachable_segment_count": 0
      },
      "geometry": {
        "type": "LineString",
        "coordinates": [
          [
            -73.9662139303043,
            40.80482721220049
          ],
          [
            -73.96627734647349,
            40.80485350597382
          ],
          [
            -73.96634076269275,
            40.80487979971216
          ],
          [
            -73.96640417896212,
            40.804906093415546
          ],
          [
            -73.96646759528159,
            40.80493238708388
          ],
          [
            -73.96653101165116,
            40.804958680717235
          ],
          [
            -73.96659442807082,
            40.80498497431557
          ],
          [
            -73.9666578445406,
            40.805011267878925
          ],
          [
            -73.96672126106048,
            40.80503756140732
          ],
          [
            -73.96678467763044,
            40.80506385490067
          ],
          [
            -73.96684809425055,
            40.805090148359035
          ],
          [
            -73.96691151092072,
            40.80511644178241
          ],
          [
            -73.966974927641,
            40.80514273517077
          ],
          [
            -73.96703834441139,
            40.80516902852417
          ],
          [
            -73.96710176123187,
            40.80519532184255
          ],
          [
            -73.96716517810248,
            40.80522161512594
          ],
          [
            -73.96722859502319,
            40.80524790837434
          ],
          [
            -73.96729201199398,
            40.80527420158771
          ],
          [
            -73.96735542901486,
            40.805300494766136
          ],
          [
            -73.96741884608588,
            40.805326787909515
          ],
          [
            -73.96748226320697,
            40.80535308101793
          ],
          [
            -73.96754568037818,
            40.80537937409136
          ],
          [
            -73.96760909759948,
            40.805405667129705
          ],
          [
            -73.9676725148709,
            40.80543196013314
          ]
        ]
      }
    },
    {
      "type": "Feature",
      "properties": {
        "street_id": 143,
        "segment_count": 44,
        "valid_slope_segment_count": 44,
        "mean_abs_slope_pct": 2.67,
        "max_segment_slope_pct": 6.02,
        "slope_variation_range_pct": 6.02,
        "longest_continuous_steep_uphill_ft": 0.0,
        "continuous_steep_uphill_ratio_pct": 0.0,
        "landing_like_coverage_ratio_pct": 36.36,
        "mean_landing_distance_ft": 10.0,
        "max_landing_distance_ft": 50.0,
        "unreachable_segment_count": 0
      },
      "geometry": {
        "type": "LineString",
        "coordinates": [
          [
            -73.963387889891,
            40.80362897999409
          ],
          [
            -73.96345097443204,
            40.80365572886946
          ],
          [
            -73.96351405902378,
            40.80368247771012
          ],
          [
            -73.96357714366624,
            40.803709226516204
          ],
          [
            -73.96364022835938,
            40.803735975287665
          ],
          [
            -73.96370331310325,
            40.803762724024466
          ],
          [
            -73.96376639789779,
            40.803789472726606
          ],
          [
            -73.96382948274305,
            40.80381622139416
          ],
          [
            -73.96389256763901,
            40.80384297002704
          ],
          [
            -73.96395565258567,
            40.80386971862531
          ],
          [
            -73.96401873758303,
            40.80389646718894
          ],
          [
            -73.9640818226311,
            40.803923215717916
          ],
          [
            -73.96414490772986,
            40.803949964212265
          ],
          [
            -73.96420799287932,
            40.803976712671975
          ],
          [
            -73.96427107807952,
            40.80400346109704
          ],
          [
            -73.96433416333036,
            40.804030209487465
          ],
          [
            -73.96439724863195,
            40.80405695784327
          ],
          [
            -73.96446033398422,
            40.80408370616441
          ],
          [
            -73.9645234193872,
            40.80411045445095
          ],
          [
            -73.96458650484088,
            40.80413720270284
          ],
          [
            -73.96464959034526,
            40.80416395092007
          ],
          [
            -73.96471267590036,
            40.80419069910269
          ],
          [
            -73.96477576150615,
            40.80421744725066
          ],
          [
            -73.96483884716262,
            40.80424419536401
          ],
          [
            -73.96490193286981,
            40.804270943442695
          ],
          [
            -73.9649650186277,
            40.80429769148676
          ],
          [
            -73.9650281044363,
            40.804324439496185
          ],
          [
            -73.9650911902956,
            40.80435118747097
          ],
          [
            -73.9651542762056,
            40.80437793541112
          ],
          [
            -73.96521736216629,
            40.80440468331664
          ],
          [
            -73.96528044817771,
            40.80443143118752
          ],
          [
            -73.9653435342398,
            40.80445817902371
          ],
          [
            -73.96540662035261,
            40.80448492682531
          ],
          [
            -73.9654697065161,
            40.80451167459229
          ],
          [
            -73.96553279273033,
            40.8045384223246
          ],
          [
            -73.96559587899523,
            40.8045651700223
          ],
          [
            -73.96565896531084,
            40.80459191768536
          ],
          [
            -73.96572205167716,
            40.80461866531373
          ],
          [
            -73.96578513809418,
            40.8046454129075
          ],
          [
            -73.96584822456188,
            40.80467216046665
          ],
          [
            -73.96591131108032,
            40.80469890799111
          ],
          [
            -73.96597439764943,
            40.80472565548098
          ],
          [
            -73.96603748426925,
            40.80475240293617
          ],
          [
            -73.9661005709398,
            40.80477915035675
          ],
          [
            -73.966163657661,
            40.80480589774267
          ]
        ]
      }
    },
    {
      "type": "Feature",
      "properties": {
        "street_id": 144,
        "segment_count": 1,
        "valid_slope_segment_count": 1,
        "mean_abs_slope_pct": 2.96,
        "max_segment_slope_pct": 2.96,
        "slope_variation_range_pct": 0.0,
        "longest_continuous_steep_uphill_ft": 0.0,
        "continuous_steep_uphill_ratio_pct": 0.0,
        "landing_like_coverage_ratio_pct": 0.0,
        "mean_landing_distance_ft": null,
        "max_landing_distance_ft": null,
        "unreachable_segment_count": 1
      },
      "geometry": {
        "type": "LineString",
        "coordinates": [
          [
            -73.95534299450914,
            40.80939322151451
          ],
          [
            -73.9554064276814,
            40.80941949764248
          ]
        ]
      }
    },
    {
      "type": "Feature",
      "properties": {
        "street_id": 145,
        "segment_count": 2,
        "valid_slope_segment_count": 0,
        "mean_abs_slope_pct": null,
        "max_segment_slope_pct": null,
        "slope_variation_range_pct": null,
        "longest_continuous_steep_uphill_ft": 0.0,
        "continuous_steep_uphill_ratio_pct": 0.0,
        "landing_like_coverage_ratio_pct": null,
        "mean_landing_distance_ft": 184.96,
        "max_landing_distance_ft": 194.96,
        "unreachable_segment_count": 0
      },
      "geometry": {
        "type": "LineString",
        "coordinates": [
          [
            -73.96095367337053,
            40.818612364116554
          ],
          [
            -73.96091305984572,
            40.81865776684976
          ],
          [
            -73.96087244626551,
            40.818703169568295
          ]
        ]
      }
    },
    {
      "type": "Feature",
      "properties": {
        "street_id": 146,
        "segment_count": 46,
        "valid_slope_segment_count": 46,
        "mean_abs_slope_pct": 18.5,
        "max_segment_slope_pct": 24.2,
        "slope_variation_range_pct": 21.87,
        "longest_continuous_steep_uphill_ft": 860.0,
        "continuous_steep_uphill_ratio_pct": 93.48,
        "landing_like_coverage_ratio_pct": 0.0,
        "mean_landing_distance_ft": 660.3,
        "max_landing_distance_ft": 1110.3,
        "unreachable_segment_count": 0
      },
      "geometry": {
        "type": "LineString",
        "coordinates": [
          [
            -73.96056137125072,
            40.81588218914163
          ],
          [
            -73.96059518189017,
            40.81583367558167
          ],
          [
            -73.96062899248035,
            40.81578516201141
          ],
          [
            -73.96066280302122,
            40.81573664843084
          ],
          [
            -73.9606966135128,
            40.815688134839974
          ],
          [
            -73.96073042395508,
            40.81563962123884
          ],
          [
            -73.96076423434806,
            40.8155911076274
          ],
          [
            -73.96079804469178,
            40.815542594005635
          ],
          [
            -73.9608318549862,
            40.81549408037357
          ],
          [
            -73.9608656652313,
            40.81544556673121
          ],
          [
            -73.9608994754271,
            40.81539705307857
          ],
          [
            -73.96093328557363,
            40.815348539415595
          ],
          [
            -73.96096709567085,
            40.81530002574237
          ],
          [
            -73.9610009057188,
            40.815251512058836
          ],
          [
            -73.96103471571745,
            40.815202998364974
          ],
          [
            -73.9610685256668,
            40.81515448466082
          ],
          [
            -73.96110233556688,
            40.815105970946384
          ],
          [
            -73.96113614541764,
            40.81505745722165
          ],
          [
            -73.96116995521912,
            40.8150089434866
          ],
          [
            -73.9612037649713,
            40.81496042974126
          ],
          [
            -73.96123757467419,
            40.81491191598564
          ],
          [
            -73.96127138432779,
            40.81486340221971
          ],
          [
            -73.9613051939321,
            40.81481488844346
          ],
          [
            -73.96133900348711,
            40.814766374656955
          ],
          [
            -73.96137281299283,
            40.8147178608601
          ],
          [
            -73.96140662244926,
            40.814669347053
          ],
          [
            -73.96144043185642,
            40.81462083323555
          ],
          [
            -73.96147424121426,
            40.81457231940781
          ],
          [
            -73.96150805052282,
            40.8145238055698
          ],
          [
            -73.96154185976481,
            40.81447529171452
          ],
          [
            -73.96157566893528,
            40.81442677783999
          ],
          [
            -73.96160947805643,
            40.81437826395517
          ],
          [
            -73.96164328712831,
            40.81432975006008
          ],
          [
            -73.96167709615088,
            40.81428123615465
          ],
          [
            -73.96171090512416,
            40.814232722238934
          ],
          [
            -73.96174471404817,
            40.814184208312945
          ],
          [
            -73.96177852292288,
            40.814135694376624
          ],
          [
            -73.9618123317483,
            40.814087180430036
          ],
          [
            -73.96184614052444,
            40.81403866647315
          ],
          [
            -73.96187994925126,
            40.81399015250592
          ],
          [
            -73.96191367289217,
            40.813941604376325
          ],
          [
            -73.9619477454658,
            40.81389319709604
          ],
          [
            -73.96198631957314,
            40.81384678054449
          ],
          [
            -73.96202962463019,
            40.81380283860285
          ],
          [
            -73.96208035110097,
            40.81376374804673
          ],
          [
            -73.96213969266685,
            40.81373243177751
          ],
          [
            -73.96220066150745,
            40.81370297508451
          ]
        ]
      }
    },
    {
      "type": "Feature",
      "properties": {
        "street_id": 147,
        "segment_count": 5,
        "valid_slope_segment_count": 5,
        "mean_abs_slope_pct": 5.43,
        "max_segment_slope_pct": 8.89,
        "slope_variation_range_pct": 7.04,
        "longest_continuous_steep_uphill_ft": 20.0,
        "continuous_steep_uphill_ratio_pct": 20.0,
        "landing_like_coverage_ratio_pct": 20.0,
        "mean_landing_distance_ft": 20.0,
        "max_landing_distance_ft": 50.0,
        "unreachable_segment_count": 0
      },
      "geometry": {
        "type": "LineString",
        "coordinates": [
          [
            -73.95949328281615,
            40.817007487220344
          ],
          [
            -73.9594298533481,
            40.81698119588979
          ],
          [
            -73.95936642393015,
            40.816954904524195
          ],
          [
            -73.95930299456234,
            40.81692861312362
          ],
          [
            -73.95923956524463,
            40.81690232168804
          ],
          [
            -73.95917613597705,
            40.816876030217465
          ]
        ]
      }
    },
    {
      "type": "Feature",
      "properties": {
        "street_id": 148,
        "segment_count": 14,
        "valid_slope_segment_count": 14,
        "mean_abs_slope_pct": 8.18,
        "max_segment_slope_pct": 12.98,
        "slope_variation_range_pct": 8.16,
        "longest_continuous_steep_uphill_ft": 60.0,
        "continuous_steep_uphill_ratio_pct": 21.43,
        "landing_like_coverage_ratio_pct": 0.0,
        "mean_landing_distance_ft": 140.65,
        "max_landing_distance_ft": 270.65,
        "unreachable_segment_count": 0
      },
      "geometry": {
        "type": "LineString",
        "coordinates": [
          [
            -73.96347672128347,
            40.810373202340195
          ],
          [
            -73.96354054175151,
            40.81039893269663
          ],
          [
            -73.9636043622689,
            40.810424663017635
          ],
          [
            -73.96366818283565,
            40.81045039330322
          ],
          [
            -73.96373200345172,
            40.810476123553364
          ],
          [
            -73.96379582411714,
            40.81050185376808
          ],
          [
            -73.96385964483193,
            40.81052758394735
          ],
          [
            -73.96392346559604,
            40.810553314091166
          ],
          [
            -73.9639872864095,
            40.81057904419956
          ],
          [
            -73.9640511072723,
            40.810604774272505
          ],
          [
            -73.96411492818447,
            40.81063050431002
          ],
          [
            -73.96417874914597,
            40.81065623431214
          ],
          [
            -73.96424257015681,
            40.810681964278764
          ],
          [
            -73.964306391217,
            40.81070769420999
          ],
          [
            -73.96437021232653,
            40.810733424105784
          ]
        ]
      }
    },
    {
      "type": "Feature",
      "properties": {
        "street_id": 149,
        "segment_count": 1,
        "valid_slope_segment_count": 1,
        "mean_abs_slope_pct": 6.18,
        "max_segment_slope_pct": 6.18,
        "slope_variation_range_pct": 0.0,
        "longest_continuous_steep_uphill_ft": 0.0,
        "continuous_steep_uphill_ratio_pct": 0.0,
        "landing_like_coverage_ratio_pct": 0.0,
        "mean_landing_distance_ft": null,
        "max_landing_distance_ft": null,
        "unreachable_segment_count": 1
      },
      "geometry": {
        "type": "LineString",
        "coordinates": [
          [
            -73.96108303999696,
            40.801681861464104
          ],
          [
            -73.96104785661957,
            40.80172980523579
          ]
        ]
      }
    },
    {
      "type": "Feature",
      "properties": {
        "street_id": 150,
        "segment_count": 25,
        "valid_slope_segment_count": 25,
        "mean_abs_slope_pct": 7.54,
        "max_segment_slope_pct": 11.4,
        "slope_variation_range_pct": 11.21,
        "longest_continuous_steep_uphill_ft": 100.0,
        "continuous_steep_uphill_ratio_pct": 20.0,
        "landing_like_coverage_ratio_pct": 8.0,
        "mean_landing_distance_ft": 106.0,
        "max_landing_distance_ft": 230.0,
        "unreachable_segment_count": 0
      },
      "geometry": {
        "type": "LineString",
        "coordinates": [
          [
            -73.95761638350028,
            40.80867134250124
          ],
          [
            -73.95767968966481,
            40.808697793924445
          ],
          [
            -73.95774299587966,
            40.808724245312774
          ],
          [
            -73.95780630214482,
            40.80875069666624
          ],
          [
            -73.9578696084603,
            40.80877714798484
          ],
          [
            -73.95793291482609,
            40.808803599268536
          ],
          [
            -73.95799622124221,
            40.808830050517386
          ],
          [
            -73.95805952770863,
            40.80885650173134
          ],
          [
            -73.95812283422538,
            40.80888295291043
          ],
          [
            -73.95818614079245,
            40.80890940405465
          ],
          [
            -73.95824944740983,
            40.80893585516399
          ],
          [
            -73.95831275407753,
            40.808962306238456
          ],
          [
            -73.95837606079554,
            40.80898875727799
          ],
          [
            -73.95843936756388,
            40.80901520828274
          ],
          [
            -73.95850267438254,
            40.809041659252564
          ],
          [
            -73.95856598125154,
            40.809068110187496
          ],
          [
            -73.95862928817083,
            40.809094561087605
          ],
          [
            -73.95869259514045,
            40.80912101195279
          ],
          [
            -73.95875590216036,
            40.80914746278313
          ],
          [
            -73.95881920923061,
            40.8091739135786
          ],
          [
            -73.9588825163512,
            40.80920036433915
          ],
          [
            -73.95894582352206,
            40.80922681506485
          ],
          [
            -73.95900913074327,
            40.809253265755686
          ],
          [
            -73.95907243801479,
            40.809279716411616
          ],
          [
            -73.95913574533662,
            40.80930616703272
          ],
          [
            -73.95919905270878,
            40.80933261761889
          ]
        ]
      }
    },
    {
      "type": "Feature",
      "properties": {
        "street_id": 151,
        "segment_count": 39,
        "valid_slope_segment_count": 39,
        "mean_abs_slope_pct": 3.96,
        "max_segment_slope_pct": 9.3,
        "slope_variation_range_pct": 8.92,
        "longest_continuous_steep_uphill_ft": 20.0,
        "continuous_steep_uphill_ratio_pct": 2.56,
        "landing_like_coverage_ratio_pct": 15.38,
        "mean_landing_distance_ft": 56.15,
        "max_landing_distance_ft": 250.0,
        "unreachable_segment_count": 0
      },
      "geometry": {
        "type": "LineString",
        "coordinates": [
          [
            -73.9636713639091,
            40.80792995144374
          ],
          [
            -73.96360802199848,
            40.807903550480205
          ],
          [
            -73.96354468013811,
            40.80787714948181
          ],
          [
            -73.96348133832801,
            40.80785074844844
          ],
          [
            -73.96341799656818,
            40.8078243473802
          ],
          [
            -73.96335465485856,
            40.80779794627705
          ],
          [
            -73.96329131319922,
            40.80777154513894
          ],
          [
            -73.96322797159011,
            40.807745143965946
          ],
          [
            -73.96316463003126,
            40.80771874275803
          ],
          [
            -73.96310128852265,
            40.80769234151519
          ],
          [
            -73.96303794706431,
            40.807665940237435
          ],
          [
            -73.9629746056562,
            40.8076395389248
          ],
          [
            -73.96291126429836,
            40.80761313757724
          ],
          [
            -73.96284792299073,
            40.80758673619473
          ],
          [
            -73.96278458173339,
            40.80756033477735
          ],
          [
            -73.96272124052628,
            40.80753393332506
          ],
          [
            -73.96265789936945,
            40.807507531837835
          ],
          [
            -73.96259455826284,
            40.80748113031569
          ],
          [
            -73.96253121720648,
            40.807454728758636
          ],
          [
            -73.96246787620039,
            40.80742832716665
          ],
          [
            -73.96240453524453,
            40.807401925539764
          ],
          [
            -73.96234119433893,
            40.807375523878
          ],
          [
            -73.96227785348357,
            40.807349122181265
          ],
          [
            -73.96221451267847,
            40.80732272044964
          ],
          [
            -73.96215117192364,
            40.8072963186831
          ],
          [
            -73.96208783121901,
            40.80726991688167
          ],
          [
            -73.96202449056466,
            40.80724351504532
          ],
          [
            -73.96196114996056,
            40.80721711317404
          ],
          [
            -73.96189780940672,
            40.80719071126784
          ],
          [
            -73.9618344689031,
            40.80716430932675
          ],
          [
            -73.96177112844978,
            40.807137907350736
          ],
          [
            -73.96170778804668,
            40.8071115053398
          ],
          [
            -73.96164444769381,
            40.80708510329398
          ],
          [
            -73.96158110739123,
            40.807058701213194
          ],
          [
            -73.96151776713886,
            40.807032299097564
          ],
          [
            -73.96145442693675,
            40.80700589694694
          ],
          [
            -73.96139108678491,
            40.80697949476148
          ],
          [
            -73.96132774668331,
            40.80695309254104
          ],
          [
            -73.96126440663195,
            40.80692669028574
          ],
          [
            -73.96120106663085,
            40.80690028799554
          ]
        ]
      }
    },
    {
      "type": "Feature",
      "properties": {
        "street_id": 152,
        "segment_count": 271,
        "valid_slope_segment_count": 263,
        "mean_abs_slope_pct": 6.78,
        "max_segment_slope_pct": 358.54,
        "slope_variation_range_pct": 358.54,
        "longest_continuous_steep_uphill_ft": 60.0,
        "continuous_steep_uphill_ratio_pct": 1.11,
        "landing_like_coverage_ratio_pct": 30.8,
        "mean_landing_distance_ft": 24.87,
        "max_landing_distance_ft": 190.0,
        "unreachable_segment_count": 0
      },
      "geometry": {
        "type": "LineString",
        "coordinates": [
          [
            -73.97069649998981,
            40.805741563349414
          ],
          [
            -73.97065906264127,
            40.80578851206365
          ],
          [
            -73.9706216252399,
            40.80583546076536
          ],
          [
            -73.97058418778573,
            40.80588240945458
          ],
          [
            -73.97054675027874,
            40.80592935813128
          ],
          [
            -73.97050931271892,
            40.80597630679548
          ],
          [
            -73.97047187510631,
            40.806023255447165
          ],
          [
            -73.97043443744087,
            40.806070204086346
          ],
          [
            -73.97039699972262,
            40.80611715271297
          ],
          [
            -73.97035956195155,
            40.80616410132715
          ],
          [
            -73.97032212412769,
            40.80621104992876
          ],
          [
            -73.97028468625102,
            40.80625799851788
          ],
          [
            -73.97024724832151,
            40.80630494709447
          ],
          [
            -73.97020981033918,
            40.80635189565862
          ],
          [
            -73.97017237230406,
            40.806398844210186
          ],
          [
            -73.97013610773763,
            40.80644632159913
          ],
          [
            -73.97010030267313,
            40.80649399993315
          ],
          [
            -73.97006449755735,
            40.806541678255705
          ],
          [
            -73.97002869239023,
            40.80658935656678
          ],
          [
            -73.96999288717184,
            40.80663703486636
          ],
          [
            -73.96995708190215,
            40.806684713154446
          ],
          [
            -73.96992127658118,
            40.806732391431034
          ],
          [
            -73.9698854712089,
            40.806780069696195
          ],
          [
            -73.96984966578532,
            40.806827747949825
          ],
          [
            -73.96981386031044,
            40.80687542619197
          ],
          [
            -73.96977805478427,
            40.80692310442262
          ],
          [
            -73.96974224920679,
            40.80697078264182
          ],
          [
            -73.96970644357805,
            40.80701846084949
          ],
          [
            -73.96967063789798,
            40.80706613904569
          ],
          [
            -73.96963483216662,
            40.80711381723038
          ],
          [
            -73.96959902638397,
            40.80716149540366
          ],
          [
            -73.96956322055001,
            40.80720917356539
          ],
          [
            -73.96952741466477,
            40.80725685171563
          ],
          [
            -73.96949160872822,
            40.80730452985439
          ],
          [
            -73.96945580274037,
            40.80735220798168
          ],
          [
            -73.96941999670125,
            40.80739988609747
          ],
          [
            -73.96938419061081,
            40.80744756420179
          ],
          [
            -73.96934838446907,
            40.807495242294586
          ],
          [
            -73.96931257827603,
            40.807542920375944
          ],
          [
            -73.96927728222344,
            40.807590817577854
          ],
          [
            -73.96924323776024,
            40.80763923501413
          ],
          [
            -73.96920919324748,
            40.80768765243996
          ],
          [
            -73.9691751486852,
            40.80773606985539
          ],
          [
            -73.96914110407337,
            40.80778448726038
          ],
          [
            -73.96910705941204,
            40.8078329046549
          ],
          [
            -73.96907301470115,
            40.80788132203903
          ],
          [
            -73.96903896994074,
            40.80792973941271
          ],
          [
            -73.9690049251308,
            40.80797815677596
          ],
          [
            -73.96897088027133,
            40.80802657412876
          ],
          [
            -73.96893683536233,
            40.80807499147117
          ],
          [
            -73.96890279040379,
            40.80812340880313
          ],
          [
            -73.96886874539572,
            40.80817182612465
          ],
          [
            -73.96883470033814,
            40.80822024343576
          ],
          [
            -73.968800655231,
            40.8082686607364
          ],
          [
            -73.96876679348716,
            40.80831715222693
          ],
          [
            -73.96873319844535,
            40.808365750706706
          ],
          [
            -73.96869960335445,
            40.80841434917634
          ],
          [
            -73.9686660082145,
            40.808462947635796
          ],
          [
            -73.96863241302549,
            40.8085115460851
          ],
          [
            -73.96859881778742,
            40.80856014452423
          ],
          [
            -73.96856522250029,
            40.80860874295316
          ],
          [
            -73.9685316271641,
            40.80865734137195
          ],
          [
            -73.96849803177885,
            40.80870593978057
          ],
          [
            -73.96846443634455,
            40.808754538179016
          ],
          [
            -73.96843084086117,
            40.808803136567285
          ],
          [
            -73.96839724532875,
            40.80885173494537
          ],
          [
            -73.96836489200304,
            40.80890081751457
          ],
          [
            -73.96833326367435,
            40.80895017214255
          ],
          [
            -73.96830163529877,
            40.80899952676145
          ],
          [
            -73.96827000687627,
            40.809048881371275
          ],
          [
            -73.96823837840687,
            40.80909823597201
          ],
          [
            -73.96820674989057,
            40.809147590563725
          ],
          [
            -73.96817512132735,
            40.80919694514634
          ],
          [
            -73.96814349271722,
            40.80924629971988
          ],
          [
            -73.9681118640602,
            40.80929565428434
          ],
          [
            -73.96808023535625,
            40.809345008839756
          ],
          [
            -73.96804860660541,
            40.809394363386076
          ],
          [
            -73.96801697780768,
            40.80944371792335
          ],
          [
            -73.96798534896301,
            40.80949307245155
          ],
          [
            -73.96795372007145,
            40.80954242697065
          ],
          [
            -73.9679225179884,
            40.809591938090044
          ],
          [
            -73.9678914053637,
            40.80964148170697
          ],
          [
            -73.96786029269268,
            40.80969102531513
          ],
          [
            -73.96782917997534,
            40.809740568914464
          ],
          [
            -73.96779806721169,
            40.80979011250504
          ],
          [
            -73.9677669544017,
            40.80983965608682
          ],
          [
            -73.9677358415454,
            40.80988919965981
          ],
          [
            -73.96770472864277,
            40.809938743223995
          ],
          [
            -73.96767361569383,
            40.80998828677938
          ],
          [
            -73.96764250269858,
            40.810037830325975
          ],
          [
            -73.96761138959158,
            40.810087373840034
          ],
          [
            -73.96758027640341,
            40.810136917332706
          ],
          [
            -73.96754916316891,
            40.81018646081659
          ],
          [
            -73.9675180498881,
            40.81023600429166
          ],
          [
            -73.96748693656096,
            40.810285547757935
          ],
          [
            -73.96745582318752,
            40.81033509121539
          ],
          [
            -73.96742470976773,
            40.810384634664096
          ],
          [
            -73.96739359630163,
            40.81043417810398
          ],
          [
            -73.96736248278923,
            40.8104837215351
          ],
          [
            -73.9673313692305,
            40.81053326495741
          ],
          [
            -73.96730025562543,
            40.810582808370924
          ],
          [
            -73.96726914197407,
            40.81063235177563
          ],
          [
            -73.96723802827634,
            40.810681895171584
          ],
          [
            -73.96720691453233,
            40.81073143855869
          ],
          [
            -73.967175800742,
            40.81078098193704
          ],
          [
            -73.96714442041036,
            40.81083042818169
          ],
          [
            -73.96710891179119,
            40.81087823531504
          ],
          [
            -73.96707340312098,
            40.81092604243713
          ],
          [
            -73.96703789439977,
            40.81097384954787
          ],
          [
            -73.96700238562754,
            40.81102165664732
          ],
          [
            -73.96696687680429,
            40.811069463735464
          ],
          [
            -73.96693136793006,
            40.81111727081229
          ],
          [
            -73.96689585900478,
            40.811165077877824
          ],
          [
            -73.96686035002851,
            40.811212884932026
          ],
          [
            -73.96682484100123,
            40.811260691974944
          ],
          [
            -73.96678933192294,
            40.81130849900656
          ],
          [
            -73.9667538227936,
            40.811356306026845
          ],
          [
            -73.9667183136133,
            40.81140411303585
          ],
          [
            -73.96668280438193,
            40.8114519200335
          ],
          [
            -73.96664729509959,
            40.81149972701989
          ],
          [
            -73.96661178576622,
            40.811547533994954
          ],
          [
            -73.96657627638184,
            40.811595340958746
          ],
          [
            -73.96654076694645,
            40.81164314791116
          ],
          [
            -73.96650525748665,
            40.81169095486375
          ],
          [
            -73.9664697481914,
            40.811738761897416
          ],
          [
            -73.96643423884515,
            40.811786568919786
          ],
          [
            -73.96639872944787,
            40.81183437593087
          ],
          [
            -73.96636321999961,
            40.8118821829306
          ],
          [
            -73.96632771050031,
            40.811929989919044
          ],
          [
            -73.96629220095001,
            40.81197779689621
          ],
          [
            -73.96625669134868,
            40.81202560386203
          ],
          [
            -73.96622118169634,
            40.812073410816566
          ],
          [
            -73.96618567199299,
            40.81212121775976
          ],
          [
            -73.96615016223863,
            40.81216902469167
          ],
          [
            -73.96611465243326,
            40.812216831612275
          ],
          [
            -73.96607914257686,
            40.812264638521576
          ],
          [
            -73.96604363266944,
            40.81231244541959
          ],
          [
            -73.96600812271103,
            40.812360252306256
          ],
          [
            -73.9659726127016,
            40.81240805918162
          ],
          [
            -73.96593710264113,
            40.81245586604566
          ],
          [
            -73.96590159252969,
            40.81250367289842
          ],
          [
            -73.96586608236721,
            40.81255147973988
          ],
          [
            -73.96583057215369,
            40.812599286570006
          ],
          [
            -73.96579506188459,
            40.81264709338688
          ],
          [
            -73.96575955152264,
            40.812694900174485
          ],
          [
            -73.96572404110968,
            40.81274270695077
          ],
          [
            -73.9656885306457,
            40.81279051371578
          ],
          [
            -73.96565302013069,
            40.81283832046947
          ],
          [
            -73.96561750956467,
            40.81288612721186
          ],
          [
            -73.96558199894764,
            40.81293393394291
          ],
          [
            -73.9655464882796,
            40.812981740662664
          ],
          [
            -73.96551097756053,
            40.8130295473711
          ],
          [
            -73.96547546679045,
            40.81307735406826
          ],
          [
            -73.96543995596936,
            40.81312516075409
          ],
          [
            -73.96540444509723,
            40.81317296742861
          ],
          [
            -73.96536893417412,
            40.813220774091825
          ],
          [
            -73.96533342319998,
            40.813268580743724
          ],
          [
            -73.9652979121748,
            40.813316387384354
          ],
          [
            -73.96526240109863,
            40.813364194013594
          ],
          [
            -73.96522688997145,
            40.8134120006316
          ],
          [
            -73.96519137879324,
            40.813459807238274
          ],
          [
            -73.965155867564,
            40.813507613833586
          ],
          [
            -73.96512202029679,
            40.81355611219103
          ],
          [
            -73.96509243826917,
            40.813606194705635
          ],
          [
            -73.96506285619697,
            40.813656277212274
          ],
          [
            -73.96503327408028,
            40.813706359710864
          ],
          [
            -73.96500369191905,
            40.81375644220151
          ],
          [
            -73.96497504205159,
            40.81380683658889
          ],
          [
            -73.96494665001723,
            40.81385731514379
          ],
          [
            -73.96491825793977,
            40.81390779369124
          ],
          [
            -73.96488986581926,
            40.813958272231346
          ],
          [
            -73.96486147365569,
            40.814008750763975
          ],
          [
            -73.96483308144904,
            40.814059229289256
          ],
          [
            -73.96480468919931,
            40.81410970780706
          ],
          [
            -73.96477629690654,
            40.8141601863175
          ],
          [
            -73.96474790457066,
            40.814210664820536
          ],
          [
            -73.96471951219173,
            40.814261143316166
          ],
          [
            -73.96468959013949,
            40.81431110919927
          ],
          [
            -73.96465937771518,
            40.814360974127496
          ],
          [
            -73.96462916524557,
            40.8144108390474
          ],
          [
            -73.9645989527307,
            40.814460703959014
          ],
          [
            -73.96456874017056,
            40.814510568862296
          ],
          [
            -73.96453852756513,
            40.81456043375724
          ],
          [
            -73.96450831491444,
            40.81461029864385
          ],
          [
            -73.96447810221846,
            40.81466016352215
          ],
          [
            -73.96444788947721,
            40.814710028392156
          ],
          [
            -73.96441688160235,
            40.81475961072635
          ],
          [
            -73.96438501022095,
            40.8148088760052
          ],
          [
            -73.96435313879235,
            40.814858141274826
          ],
          [
            -73.96432126731658,
            40.81490740653525
          ],
          [
            -73.96428939579363,
            40.814956671786454
          ],
          [
            -73.96425752422347,
            40.815005937028445
          ],
          [
            -73.96422565260615,
            40.815055202261284
          ],
          [
            -73.96419378094161,
            40.81510446748488
          ],
          [
            -73.96416085262268,
            40.815153329952686
          ],
          [
            -73.96412790415624,
            40.8152021845895
          ],
          [
            -73.96409495564144,
            40.81525103921653
          ],
          [
            -73.96406200707827,
            40.81529989383372
          ],
          [
            -73.96402905846674,
            40.8153487484411
          ],
          [
            -73.9639961098068,
            40.815397603038704
          ],
          [
            -73.96396268456532,
            40.81544627042077
          ],
          [
            -73.96392889875129,
            40.81549479388655
          ],
          [
            -73.96389511288804,
            40.81554331734202
          ],
          [
            -73.96386132697548,
            40.81559184078725
          ],
          [
            -73.96382754101367,
            40.81564036422214
          ],
          [
            -73.9637937550026,
            40.815688887646786
          ],
          [
            -73.96375996894226,
            40.815737411061136
          ],
          [
            -73.96372172455476,
            40.815783985339266
          ],
          [
            -73.96368347913024,
            40.815830559138156
          ],
          [
            -73.96364523365216,
            40.815877132924086
          ],
          [
            -73.96360698812057,
            40.815923706696914
          ],
          [
            -73.96356874253546,
            40.81597028045674
          ],
          [
            -73.96353049689681,
            40.81601685420349
          ],
          [
            -73.9634919846597,
            40.816063300985775
          ],
          [
            -73.96345112307702,
            40.816108574284364
          ],
          [
            -73.96341026143875,
            40.8161538475681
          ],
          [
            -73.96336939974489,
            40.816199120837034
          ],
          [
            -73.96332853799542,
            40.81624439409117
          ],
          [
            -73.96328767619035,
            40.81628966733046
          ],
          [
            -73.96324681432971,
            40.81633494055492
          ],
          [
            -73.96320595241346,
            40.81638021376461
          ],
          [
            -73.9631650904416,
            40.81642548695944
          ],
          [
            -73.96312422841419,
            40.81647076013949
          ],
          [
            -73.96308336633113,
            40.81651603330468
          ],
          [
            -73.96304166484568,
            40.81656086252969
          ],
          [
            -73.9629992729921,
            40.8166053164611
          ],
          [
            -73.9629568810819,
            40.81664977037662
          ],
          [
            -73.96291448911504,
            40.8166942242762
          ],
          [
            -73.96287209709158,
            40.81673867815991
          ],
          [
            -73.96282970501146,
            40.81678313202769
          ],
          [
            -73.9627873128747,
            40.81682758587956
          ],
          [
            -73.96274492068132,
            40.81687203971554
          ],
          [
            -73.9627025284313,
            40.81691649353558
          ],
          [
            -73.96265949713742,
            40.81696059155829
          ],
          [
            -73.96261526620016,
            40.817003999113936
          ],
          [
            -73.9625710352052,
            40.817047406652286
          ],
          [
            -73.96252680415253,
            40.81709081417335
          ],
          [
            -73.9624825730422,
            40.8171342216772
          ],
          [
            -73.96243834187412,
            40.81717762916371
          ],
          [
            -73.96239411064836,
            40.81722103663298
          ],
          [
            -73.9623498793649,
            40.817264444084955
          ],
          [
            -73.96230564802373,
            40.81730785151967
          ],
          [
            -73.96226141662487,
            40.81735125893707
          ],
          [
            -73.96221718516831,
            40.81739466633722
          ],
          [
            -73.96217284443047,
            40.8174380093555
          ],
          [
            -73.9621272811359,
            40.817480614288336
          ],
          [
            -73.962081717783,
            40.81752321920287
          ],
          [
            -73.96203615437176,
            40.81756582409907
          ],
          [
            -73.96199059090216,
            40.817608428977
          ],
          [
            -73.96194502737424,
            40.817651033836604
          ],
          [
            -73.96189946378797,
            40.81769363867793
          ],
          [
            -73.96185390014337,
            40.81773624350094
          ],
          [
            -73.96180833644043,
            40.81777884830562
          ],
          [
            -73.96176277267914,
            40.81782145309204
          ],
          [
            -73.96171720885951,
            40.81786405786012
          ],
          [
            -73.96167164498155,
            40.817906662609936
          ],
          [
            -73.96162639764897,
            40.81794946164308
          ],
          [
            -73.96158227976593,
            40.81799293593018
          ],
          [
            -73.96153816182523,
            40.81803641020007
          ],
          [
            -73.96149404382689,
            40.81807988445275
          ],
          [
            -73.96144992577092,
            40.81812335868826
          ],
          [
            -73.96140580765729,
            40.81816683290659
          ],
          [
            -73.96136168948603,
            40.818210307107734
          ],
          [
            -73.96131757125711,
            40.81825378129167
          ],
          [
            -73.96127345297056,
            40.818297255458425
          ],
          [
            -73.96122933462638,
            40.818340729607975
          ],
          [
            -73.96118521622454,
            40.818384203740365
          ],
          [
            -73.96114109776506,
            40.81842767785551
          ],
          [
            -73.96109697924796,
            40.8184711519535
          ],
          [
            -73.96105286067318,
            40.81851462603431
          ],
          [
            -73.96100874204078,
            40.81855810009788
          ],
          [
            -73.96096462335073,
            40.818601574144324
          ]
        ]
      }
    }
  ]
}